source,source_system,station_id,station_name,parameter_id,pollutant,datetime,value,unit,wind_speed,wind_direction,qaqc,is_public_platform_data,validation_status
INEA,WEBLAKES_CONCENTRATION_WITH_WIND,69,"VR - Belmonte",18,PM10,2024-07-17T00:00:00,29.619738,µg/m³,0.598887,211.019223,,true,NO_EXPLICIT_QAQC_IN_TABLE
INEA,WEBLAKES_CONCENTRATION_WITH_WIND,69,"VR - Belmonte",18,PM10,2024-07-17T01:00:00,24.778494,µg/m³,0.681490,29.885466,,true,NO_EXPLICIT_QAQC_IN_TABLE
INEA,WEBLAKES_CONCENTRATION_WITH_WIND,69,"VR - Belmonte",18,PM10,2024-07-17T02:00:00,26.864932,µg/m³,1.243022,286.172665,,true,NO_EXPLICIT_QAQC_IN_TABLE
INEA,WEBLAKES_CONCENTRATION_WITH_WIND,69,"VR - Belmonte",18,PM10,2024-07-17T03:00:00,34.536287,µg/m³,0.730243,260.127055,,true,NO_EXPLICIT_QAQC_IN_TABLE
INEA,WEBLAKES_CONCENTRATION_WITH_WIND,69,"VR - Belmonte",18,PM10,2024-07-17T04:00:00,27.849436,µg/m³,1.055806,291.000495,,true,NO_EXPLICIT_QAQC_IN_TABLE
INEA,WEBLAKES_CONCENTRATION_WITH_WIND,69,"VR - Belmonte",18,PM10,2024-07-17T05:00:00,16.820131,µg/m³,0.767038,2.957329,,true,NO_EXPLICIT_QAQC_IN_TABLE
INEA,WEBLAKES_CONCENTRATION_WITH_WIND,69,"VR - Belmonte",18,PM10,2024-07-17T06:00:00,28.549958,µg/m³,0.771628,305.964359,,true,NO_EXPLICIT_QAQC_IN_TABLE
INEA,WEBLAKES_CONCENTRATION_WITH_WIND,69,"VR - Belmonte",18,PM10,2024-07-17T07:00:00,26.368253,µg/m³,0.924749,344.424645,,true,NO_EXPLICIT_QAQC_IN_TABLE
INEA,WEBLAKES_CONCENTRATION_WITH_WIND,69,"VR - Belmonte",18,PM10,2024-07-17T08:00:00,26.427968,µg/m³,0.715799,140.233553,,true,NO_EXPLICIT_QAQC_IN_TABLE
INEA,WEBLAKES_CONCENTRATION_WITH_WIND,69,"VR - Belmonte",18,PM10,2024-07-17T09:00:00,21.561448,µg/m³,1.240805,291.662762,,true,NO_EXPLICIT_QAQC_IN_TABLE
INEA,WEBLAKES_CONCENTRATION_WITH_WIND,69,"VR - Belmonte",18,PM10,2024-07-17T10:00:00,24.320883,µg/m³,1.057907,347.420308,,true,NO_EXPLICIT_QAQC_IN_TABLE
INEA,WEBLAKES_CONCENTRATION_WITH_WIND,69,"VR - Belmonte",18,PM10,2024-07-17T11:00:00,22.287548,µg/m³,1.448372,68.750515,,true,NO_EXPLICIT_QAQC_IN_TABLE
INEA,WEBLAKES_CONCENTRATION_WITH_WIND,69,"VR - Belmonte",18,PM10,2024-07-17T12:00:00,27.044340,µg/m³,1.361944,33.285971,,true,NO_EXPLICIT_QAQC_IN_TABLE
INEA,WEBLAKES_CONCENTRATION_WITH_WIND,69,"VR - Belmonte",18,PM10,2024-07-17T13:00:00,23.947757,µg/m³,1.484414,226.641301,,true,NO_EXPLICIT_QAQC_IN_TABLE
INEA,WEBLAKES_CONCENTRATION_WITH_WIND,69,"VR - Belmonte",18,PM10,2024-07-17T14:00:00,33.418877,µg/m³,1.632826,265.926151,,true,NO_EXPLICIT_QAQC_IN_TABLE
INEA,WEBLAKES_CONCENTRATION_WITH_WIND,69,"VR - Belmonte",18,PM10,2024-07-17T15:00:00,30.959516,µg/m³,1.133332,281.748620,,true,NO_EXPLICIT_QAQC_IN_TABLE
INEA,WEBLAKES_CONCENTRATION_WITH_WIND,69,"VR - Belmonte",18,PM10,2024-07-17T16:00:00,35.487996,µg/m³,1.610386,73.293309,,true,NO_EXPLICIT_QAQC_IN_TABLE
INEA,WEBLAKES_CONCENTRATION_WITH_WIND,69,"VR - Belmonte",18,PM10,2024-07-17T17:00:00,33.914552,µg/m³,0.924028,49.489967,,true,NO_EXPLICIT_QAQC_IN_TABLE
INEA,WEBLAKES_CONCENTRATION_WITH_WIND,69,"VR - Belmonte",18,PM10,2024-07-17T18:00:00,104.711110,µg/m³,0.855206,215.764895,,true,NO_EXPLICIT_QAQC_IN_TABLE
INEA,WEBLAKES_CONCENTRATION_WITH_WIND,69,"VR - Belmonte",18,PM10,2024-07-17T19:00:00,52.056218,µg/m³,0.592968,251.620826,,true,NO_EXPLICIT_QAQC_IN_TABLE
INEA,WEBLAKES_CONCENTRATION_WITH_WIND,69,"VR - Belmonte",18,PM10,2024-07-17T20:00:00,43.802391,µg/m³,0.847996,221.704356,,true,NO_EXPLICIT_QAQC_IN_TABLE
INEA,WEBLAKES_CONCENTRATION_WITH_WIND,69,"VR - Belmonte",18,PM10,2024-07-17T21:00:00,43.084331,µg/m³,0.529573,334.150976,,true,NO_EXPLICIT_QAQC_IN_TABLE
INEA,WEBLAKES_CONCENTRATION_WITH_WIND,69,"VR - Belmonte",18,PM10,2024-07-17T22:00:00,36.475616,µg/m³,0.512558,55.601471,,true,NO_EXPLICIT_QAQC_IN_TABLE
INEA,WEBLAKES_CONCENTRATION_WITH_WIND,69,"VR - Belmonte",18,PM10,2024-07-17T23:00:00,28.845905,µg/m³,0.543834,30.214950,,true,NO_EXPLICIT_QAQC_IN_TABLE
INEA,WEBLAKES_CONCENTRATION_WITH_WIND,69,"VR - Belmonte",18,PM10,2024-07-18T00:00:00,29.351235,µg/m³,0.619999,31.086041,,true,NO_EXPLICIT_QAQC_IN_TABLE
INEA,WEBLAKES_CONCENTRATION_WITH_WIND,69,"VR - Belmonte",18,PM10,2024-07-18T01:00:00,33.376558,µg/m³,0.930744,295.163632,,true,NO_EXPLICIT_QAQC_IN_TABLE
INEA,WEBLAKES_CONCENTRATION_WITH_WIND,69,"VR - Belmonte",18,PM10,2024-07-18T02:00:00,28.289954,µg/m³,0.779242,319.555673,,true,NO_EXPLICIT_QAQC_IN_TABLE
INEA,WEBLAKES_CONCENTRATION_WITH_WIND,69,"VR - Belmonte",18,PM10,2024-07-18T03:00:00,27.933658,µg/m³,0.703002,320.363593,,true,NO_EXPLICIT_QAQC_IN_TABLE
INEA,WEBLAKES_CONCENTRATION_WITH_WIND,69,"VR - Belmonte",18,PM10,2024-07-18T04:00:00,26.887868,µg/m³,0.638884,296.861837,,true,NO_EXPLICIT_QAQC_IN_TABLE
INEA,WEBLAKES_CONCENTRATION_WITH_WIND,69,"VR - Belmonte",18,PM10,2024-07-18T05:00:00,28.923663,µg/m³,0.746234,328.053902,,true,NO_EXPLICIT_QAQC_IN_TABLE
INEA,WEBLAKES_CONCENTRATION_WITH_WIND,69,"VR - Belmonte",18,PM10,2024-07-18T06:00:00,23.343605,µg/m³,0.574636,52.256450,,true,NO_EXPLICIT_QAQC_IN_TABLE
INEA,WEBLAKES_CONCENTRATION_WITH_WIND,69,"VR - Belmonte",18,PM10,2024-07-18T07:00:00,43.996190,µg/m³,1.020089,301.331315,,true,NO_EXPLICIT_QAQC_IN_TABLE
INEA,WEBLAKES_CONCENTRATION_WITH_WIND,69,"VR - Belmonte",18,PM10,2024-07-18T08:00:00,38.808765,µg/m³,1.852355,289.320352,,true,NO_EXPLICIT_QAQC_IN_TABLE
INEA,WEBLAKES_CONCENTRATION_WITH_WIND,69,"VR - Belmonte",18,PM10,2024-07-18T09:00:00,33.316922,µg/m³,1.374385,270.107872,,true,NO_EXPLICIT_QAQC_IN_TABLE
INEA,WEBLAKES_CONCENTRATION_WITH_WIND,69,"VR - Belmonte",18,PM10,2024-07-18T10:00:00,30.982615,µg/m³,1.403647,277.876722,,true,NO_EXPLICIT_QAQC_IN_TABLE
INEA,WEBLAKES_CONCENTRATION_WITH_WIND,69,"VR - Belmonte",18,PM10,2024-07-18T11:00:00,26.143230,µg/m³,1.176736,257.191063,,true,NO_EXPLICIT_QAQC_IN_TABLE
INEA,WEBLAKES_CONCENTRATION_WITH_WIND,69,"VR - Belmonte",18,PM10,2024-07-18T12:00:00,0.000000,µg/m³,1.384969,254.251509,,true,ZERO_VALUE_REVIEW
INEA,WEBLAKES_CONCENTRATION_WITH_WIND,69,"VR - Belmonte",18,PM10,2024-07-18T13:00:00,0.705599,µg/m³,1.469660,234.800255,,true,NO_EXPLICIT_QAQC_IN_TABLE
INEA,WEBLAKES_CONCENTRATION_WITH_WIND,69,"VR - Belmonte",18,PM10,2024-07-18T14:00:00,43.781776,µg/m³,1.644711,241.205859,,true,NO_EXPLICIT_QAQC_IN_TABLE
INEA,WEBLAKES_CONCENTRATION_WITH_WIND,69,"VR - Belmonte",18,PM10,2024-07-18T15:00:00,87.788445,µg/m³,3.071707,186.512350,,true,NO_EXPLICIT_QAQC_IN_TABLE
INEA,WEBLAKES_CONCENTRATION_WITH_WIND,69,"VR - Belmonte",18,PM10,2024-07-18T16:00:00,63.572080,µg/m³,3.283227,183.423893,,true,NO_EXPLICIT_QAQC_IN_TABLE
INEA,WEBLAKES_CONCENTRATION_WITH_WIND,69,"VR - Belmonte",18,PM10,2024-07-18T17:00:00,53.302738,µg/m³,3.495172,181.883243,,true,NO_EXPLICIT_QAQC_IN_TABLE
INEA,WEBLAKES_CONCENTRATION_WITH_WIND,69,"VR - Belmonte",18,PM10,2024-07-18T18:00:00,46.073673,µg/m³,2.882179,183.741018,,true,NO_EXPLICIT_QAQC_IN_TABLE
INEA,WEBLAKES_CONCENTRATION_WITH_WIND,69,"VR - Belmonte",18,PM10,2024-07-18T19:00:00,40.349640,µg/m³,2.795376,162.262411,,true,NO_EXPLICIT_QAQC_IN_TABLE
INEA,WEBLAKES_CONCENTRATION_WITH_WIND,69,"VR - Belmonte",18,PM10,2024-07-18T20:00:00,47.736695,µg/m³,1.904300,154.312463,,true,NO_EXPLICIT_QAQC_IN_TABLE
INEA,WEBLAKES_CONCENTRATION_WITH_WIND,69,"VR - Belmonte",18,PM10,2024-07-18T21:00:00,49.108272,µg/m³,1.674282,175.077272,,true,NO_EXPLICIT_QAQC_IN_TABLE
INEA,WEBLAKES_CONCENTRATION_WITH_WIND,69,"VR - Belmonte",18,PM10,2024-07-18T22:00:00,21.988139,µg/m³,1.960208,185.704592,,true,NO_EXPLICIT_QAQC_IN_TABLE
INEA,WEBLAKES_CONCENTRATION_WITH_WIND,69,"VR - Belmonte",18,PM10,2024-07-18T23:00:00,21.261461,µg/m³,1.042809,199.499536,,true,NO_EXPLICIT_QAQC_IN_TABLE
INEA,WEBLAKES_CONCENTRATION_WITH_WIND,69,"VR - Belmonte",18,PM10,2024-07-19T00:00:00,16.447690,µg/m³,0.887828,122.126787,,true,NO_EXPLICIT_QAQC_IN_TABLE
INEA,WEBLAKES_CONCENTRATION_WITH_WIND,69,"VR - Belmonte",18,PM10,2024-07-19T01:00:00,9.820204,µg/m³,0.959067,119.616669,,true,NO_EXPLICIT_QAQC_IN_TABLE
INEA,WEBLAKES_CONCENTRATION_WITH_WIND,69,"VR - Belmonte",18,PM10,2024-07-19T02:00:00,14.190887,µg/m³,0.993974,130.705683,,true,NO_EXPLICIT_QAQC_IN_TABLE
INEA,WEBLAKES_CONCENTRATION_WITH_WIND,69,"VR - Belmonte",18,PM10,2024-07-19T03:00:00,12.089800,µg/m³,0.920328,118.430591,,true,NO_EXPLICIT_QAQC_IN_TABLE
INEA,WEBLAKES_CONCENTRATION_WITH_WIND,69,"VR - Belmonte",18,PM10,2024-07-19T04:00:00,13.729325,µg/m³,0.974165,144.599987,,true,NO_EXPLICIT_QAQC_IN_TABLE
INEA,WEBLAKES_CONCENTRATION_WITH_WIND,69,"VR - Belmonte",18,PM10,2024-07-19T05:00:00,19.410965,µg/m³,0.891547,141.788477,,true,NO_EXPLICIT_QAQC_IN_TABLE
INEA,WEBLAKES_CONCENTRATION_WITH_WIND,69,"VR - Belmonte",18,PM10,2024-07-19T06:00:00,17.946587,µg/m³,0.834838,114.339486,,true,NO_EXPLICIT_QAQC_IN_TABLE
INEA,WEBLAKES_CONCENTRATION_WITH_WIND,69,"VR - Belmonte",18,PM10,2024-07-19T07:00:00,20.730677,µg/m³,0.930809,146.159473,,true,NO_EXPLICIT_QAQC_IN_TABLE
INEA,WEBLAKES_CONCENTRATION_WITH_WIND,69,"VR - Belmonte",18,PM10,2024-07-19T08:00:00,30.258230,µg/m³,0.835076,229.221228,,true,NO_EXPLICIT_QAQC_IN_TABLE
INEA,WEBLAKES_CONCENTRATION_WITH_WIND,69,"VR - Belmonte",18,PM10,2024-07-19T09:00:00,25.193087,µg/m³,1.224926,198.460478,,true,NO_EXPLICIT_QAQC_IN_TABLE
INEA,WEBLAKES_CONCENTRATION_WITH_WIND,69,"VR - Belmonte",18,PM10,2024-07-19T10:00:00,14.276140,µg/m³,1.353598,112.348548,,true,NO_EXPLICIT_QAQC_IN_TABLE
INEA,WEBLAKES_CONCENTRATION_WITH_WIND,69,"VR - Belmonte",18,PM10,2024-07-19T11:00:00,20.351927,µg/m³,1.008592,179.052354,,true,NO_EXPLICIT_QAQC_IN_TABLE
INEA,WEBLAKES_CONCENTRATION_WITH_WIND,69,"VR - Belmonte",18,PM10,2024-07-19T12:00:00,26.604665,µg/m³,1.099491,305.016938,,true,NO_EXPLICIT_QAQC_IN_TABLE
INEA,WEBLAKES_CONCENTRATION_WITH_WIND,69,"VR - Belmonte",18,PM10,2024-07-19T13:00:00,27.624874,µg/m³,1.451505,133.778918,,true,NO_EXPLICIT_QAQC_IN_TABLE
INEA,WEBLAKES_CONCENTRATION_WITH_WIND,69,"VR - Belmonte",18,PM10,2024-07-19T14:00:00,20.219857,µg/m³,1.580187,159.368500,,true,NO_EXPLICIT_QAQC_IN_TABLE
INEA,WEBLAKES_CONCENTRATION_WITH_WIND,69,"VR - Belmonte",18,PM10,2024-07-19T17:00:00,55.088683,µg/m³,1.601417,216.740178,,true,NO_EXPLICIT_QAQC_IN_TABLE
INEA,WEBLAKES_CONCENTRATION_WITH_WIND,69,"VR - Belmonte",18,PM10,2024-07-19T18:00:00,58.248888,µg/m³,1.859306,201.148976,,true,NO_EXPLICIT_QAQC_IN_TABLE
INEA,WEBLAKES_CONCENTRATION_WITH_WIND,69,"VR - Belmonte",18,PM10,2024-07-19T19:00:00,36.547998,µg/m³,1.861533,191.957174,,true,NO_EXPLICIT_QAQC_IN_TABLE
INEA,WEBLAKES_CONCENTRATION_WITH_WIND,69,"VR - Belmonte",18,PM10,2024-07-19T20:00:00,32.017069,µg/m³,1.095141,173.748847,,true,NO_EXPLICIT_QAQC_IN_TABLE
INEA,WEBLAKES_CONCENTRATION_WITH_WIND,69,"VR - Belmonte",18,PM10,2024-07-19T21:00:00,39.935319,µg/m³,0.654209,185.561466,,true,NO_EXPLICIT_QAQC_IN_TABLE
INEA,WEBLAKES_CONCENTRATION_WITH_WIND,69,"VR - Belmonte",18,PM10,2024-07-19T22:00:00,27.752850,µg/m³,0.775216,74.278100,,true,NO_EXPLICIT_QAQC_IN_TABLE
INEA,WEBLAKES_CONCENTRATION_WITH_WIND,69,"VR - Belmonte",18,PM10,2024-07-19T23:00:00,17.623353,µg/m³,0.690590,64.050815,,true,NO_EXPLICIT_QAQC_IN_TABLE
INEA,WEBLAKES_CONCENTRATION_WITH_WIND,69,"VR - Belmonte",18,PM10,2024-07-20T00:00:00,16.787789,µg/m³,0.597641,66.402552,,true,NO_EXPLICIT_QAQC_IN_TABLE
INEA,WEBLAKES_CONCENTRATION_WITH_WIND,69,"VR - Belmonte",18,PM10,2024-07-20T01:00:00,18.639452,µg/m³,0.566067,24.279533,,true,NO_EXPLICIT_QAQC_IN_TABLE
INEA,WEBLAKES_CONCENTRATION_WITH_WIND,69,"VR - Belmonte",18,PM10,2024-07-20T02:00:00,37.667134,µg/m³,0.804593,303.702453,,true,NO_EXPLICIT_QAQC_IN_TABLE
INEA,WEBLAKES_CONCENTRATION_WITH_WIND,69,"VR - Belmonte",18,PM10,2024-07-20T03:00:00,27.931519,µg/m³,0.784021,305.566853,,true,NO_EXPLICIT_QAQC_IN_TABLE
INEA,WEBLAKES_CONCENTRATION_WITH_WIND,69,"VR - Belmonte",18,PM10,2024-07-20T04:00:00,27.864961,µg/m³,0.993246,290.882067,,true,NO_EXPLICIT_QAQC_IN_TABLE
INEA,WEBLAKES_CONCENTRATION_WITH_WIND,69,"VR - Belmonte",18,PM10,2024-07-20T05:00:00,22.680655,µg/m³,1.596907,297.826031,,true,NO_EXPLICIT_QAQC_IN_TABLE
INEA,WEBLAKES_CONCENTRATION_WITH_WIND,69,"VR - Belmonte",18,PM10,2024-07-20T06:00:00,25.023427,µg/m³,1.118695,303.960826,,true,NO_EXPLICIT_QAQC_IN_TABLE
INEA,WEBLAKES_CONCENTRATION_WITH_WIND,69,"VR - Belmonte",18,PM10,2024-07-20T07:00:00,24.953027,µg/m³,0.527275,20.140243,,true,NO_EXPLICIT_QAQC_IN_TABLE
INEA,WEBLAKES_CONCENTRATION_WITH_WIND,69,"VR - Belmonte",18,PM10,2024-07-20T08:00:00,32.898180,µg/m³,0.907817,91.070880,,true,NO_EXPLICIT_QAQC_IN_TABLE
INEA,WEBLAKES_CONCENTRATION_WITH_WIND,69,"VR - Belmonte",18,PM10,2024-07-20T09:00:00,39.115406,µg/m³,1.027222,86.459828,,true,NO_EXPLICIT_QAQC_IN_TABLE
INEA,WEBLAKES_CONCENTRATION_WITH_WIND,69,"VR - Belmonte",18,PM10,2024-07-20T10:00:00,47.567625,µg/m³,1.617278,300.512115,,true,NO_EXPLICIT_QAQC_IN_TABLE
INEA,WEBLAKES_CONCENTRATION_WITH_WIND,69,"VR - Belmonte",18,PM10,2024-07-20T11:00:00,46.375773,µg/m³,1.623628,281.476211,,true,NO_EXPLICIT_QAQC_IN_TABLE
INEA,WEBLAKES_CONCENTRATION_WITH_WIND,69,"VR - Belmonte",18,PM10,2024-07-20T12:00:00,41.388834,µg/m³,2.315724,274.213007,,true,NO_EXPLICIT_QAQC_IN_TABLE
INEA,WEBLAKES_CONCENTRATION_WITH_WIND,69,"VR - Belmonte",18,PM10,2024-07-20T13:00:00,35.653842,µg/m³,1.779324,294.677924,,true,NO_EXPLICIT_QAQC_IN_TABLE
INEA,WEBLAKES_CONCENTRATION_WITH_WIND,69,"VR - Belmonte",18,PM10,2024-07-20T14:00:00,36.159812,µg/m³,1.435629,316.797845,,true,NO_EXPLICIT_QAQC_IN_TABLE
INEA,WEBLAKES_CONCENTRATION_WITH_WIND,69,"VR - Belmonte",18,PM10,2024-07-20T15:00:00,38.373094,µg/m³,1.165466,303.481943,,true,NO_EXPLICIT_QAQC_IN_TABLE
INEA,WEBLAKES_CONCENTRATION_WITH_WIND,69,"VR - Belmonte",18,PM10,2024-07-20T16:00:00,18.196703,µg/m³,1.078086,212.784631,,true,NO_EXPLICIT_QAQC_IN_TABLE
INEA,WEBLAKES_CONCENTRATION_WITH_WIND,69,"VR - Belmonte",18,PM10,2024-07-20T17:00:00,46.841955,µg/m³,1.156684,235.232562,,true,NO_EXPLICIT_QAQC_IN_TABLE
INEA,WEBLAKES_CONCENTRATION_WITH_WIND,69,"VR - Belmonte",18,PM10,2024-07-20T18:00:00,56.835104,µg/m³,0.944079,201.132487,,true,NO_EXPLICIT_QAQC_IN_TABLE
INEA,WEBLAKES_CONCENTRATION_WITH_WIND,69,"VR - Belmonte",18,PM10,2024-07-20T19:00:00,59.877333,µg/m³,0.898806,207.128622,,true,NO_EXPLICIT_QAQC_IN_TABLE
INEA,WEBLAKES_CONCENTRATION_WITH_WIND,69,"VR - Belmonte",18,PM10,2024-07-20T20:00:00,50.847702,µg/m³,1.064166,188.587838,,true,NO_EXPLICIT_QAQC_IN_TABLE
INEA,WEBLAKES_CONCENTRATION_WITH_WIND,69,"VR - Belmonte",18,PM10,2024-07-20T21:00:00,59.229057,µg/m³,1.056082,131.849235,,true,NO_EXPLICIT_QAQC_IN_TABLE
INEA,WEBLAKES_CONCENTRATION_WITH_WIND,69,"VR - Belmonte",18,PM10,2024-07-20T22:00:00,41.571134,µg/m³,1.080124,130.638999,,true,NO_EXPLICIT_QAQC_IN_TABLE
INEA,WEBLAKES_CONCENTRATION_WITH_WIND,69,"VR - Belmonte",18,PM10,2024-07-20T23:00:00,26.974912,µg/m³,0.553840,230.222695,,true,NO_EXPLICIT_QAQC_IN_TABLE
INEA,WEBLAKES_CONCENTRATION_WITH_WIND,69,"VR - Belmonte",18,PM10,2024-07-21T00:00:00,43.844462,µg/m³,0.507882,49.839089,,true,NO_EXPLICIT_QAQC_IN_TABLE
INEA,WEBLAKES_CONCENTRATION_WITH_WIND,69,"VR - Belmonte",18,PM10,2024-07-21T01:00:00,47.192901,µg/m³,0.687003,11.350969,,true,NO_EXPLICIT_QAQC_IN_TABLE
INEA,WEBLAKES_CONCENTRATION_WITH_WIND,69,"VR - Belmonte",18,PM10,2024-07-21T02:00:00,31.350291,µg/m³,1.386521,303.286142,,true,NO_EXPLICIT_QAQC_IN_TABLE
INEA,WEBLAKES_CONCENTRATION_WITH_WIND,69,"VR - Belmonte",18,PM10,2024-07-21T03:00:00,35.647468,µg/m³,1.308512,300.536378,,true,NO_EXPLICIT_QAQC_IN_TABLE
INEA,WEBLAKES_CONCENTRATION_WITH_WIND,69,"VR - Belmonte",18,PM10,2024-07-21T04:00:00,18.428274,µg/m³,1.050440,308.722476,,true,NO_EXPLICIT_QAQC_IN_TABLE
INEA,WEBLAKES_CONCENTRATION_WITH_WIND,69,"VR - Belmonte",18,PM10,2024-07-21T05:00:00,18.532000,µg/m³,0.803167,337.351888,,true,NO_EXPLICIT_QAQC_IN_TABLE
INEA,WEBLAKES_CONCENTRATION_WITH_WIND,69,"VR - Belmonte",18,PM10,2024-07-21T06:00:00,30.418586,µg/m³,0.712495,332.495325,,true,NO_EXPLICIT_QAQC_IN_TABLE
INEA,WEBLAKES_CONCENTRATION_WITH_WIND,69,"VR - Belmonte",18,PM10,2024-07-21T07:00:00,39.379743,µg/m³,0.644675,16.068971,,true,NO_EXPLICIT_QAQC_IN_TABLE
INEA,WEBLAKES_CONCENTRATION_WITH_WIND,69,"VR - Belmonte",18,PM10,2024-07-21T08:00:00,53.914048,µg/m³,0.971265,304.089405,,true,NO_EXPLICIT_QAQC_IN_TABLE
INEA,WEBLAKES_CONCENTRATION_WITH_WIND,69,"VR - Belmonte",18,PM10,2024-07-21T09:00:00,58.309441,µg/m³,1.593991,293.197041,,true,NO_EXPLICIT_QAQC_IN_TABLE
INEA,WEBLAKES_CONCENTRATION_WITH_WIND,69,"VR - Belmonte",18,PM10,2024-07-21T10:00:00,53.411863,µg/m³,1.444830,272.782804,,true,NO_EXPLICIT_QAQC_IN_TABLE
INEA,WEBLAKES_CONCENTRATION_WITH_WIND,69,"VR - Belmonte",18,PM10,2024-07-21T11:00:00,44.639678,µg/m³,1.324336,273.973263,,true,NO_EXPLICIT_QAQC_IN_TABLE
INEA,WEBLAKES_CONCENTRATION_WITH_WIND,69,"VR - Belmonte",18,PM10,2024-07-21T12:00:00,54.791821,µg/m³,1.309710,262.990827,,true,NO_EXPLICIT_QAQC_IN_TABLE
INEA,WEBLAKES_CONCENTRATION_WITH_WIND,69,"VR - Belmonte",18,PM10,2024-07-21T13:00:00,54.701362,µg/m³,1.487477,293.278934,,true,NO_EXPLICIT_QAQC_IN_TABLE
INEA,WEBLAKES_CONCENTRATION_WITH_WIND,69,"VR - Belmonte",18,PM10,2024-07-21T14:00:00,37.260872,µg/m³,1.573895,278.034119,,true,NO_EXPLICIT_QAQC_IN_TABLE
INEA,WEBLAKES_CONCENTRATION_WITH_WIND,69,"VR - Belmonte",18,PM10,2024-07-21T15:00:00,19.714631,µg/m³,1.681458,211.163392,,true,NO_EXPLICIT_QAQC_IN_TABLE
INEA,WEBLAKES_CONCENTRATION_WITH_WIND,69,"VR - Belmonte",18,PM10,2024-07-21T16:00:00,29.355669,µg/m³,1.780365,212.703255,,true,NO_EXPLICIT_QAQC_IN_TABLE
INEA,WEBLAKES_CONCENTRATION_WITH_WIND,69,"VR - Belmonte",18,PM10,2024-07-21T17:00:00,40.657217,µg/m³,1.631193,208.702563,,true,NO_EXPLICIT_QAQC_IN_TABLE
INEA,WEBLAKES_CONCENTRATION_WITH_WIND,69,"VR - Belmonte",18,PM10,2024-07-21T18:00:00,48.306823,µg/m³,1.313125,223.035001,,true,NO_EXPLICIT_QAQC_IN_TABLE
INEA,WEBLAKES_CONCENTRATION_WITH_WIND,69,"VR - Belmonte",18,PM10,2024-07-21T19:00:00,56.290528,µg/m³,0.646640,245.713939,,true,NO_EXPLICIT_QAQC_IN_TABLE
INEA,WEBLAKES_CONCENTRATION_WITH_WIND,69,"VR - Belmonte",18,PM10,2024-07-21T20:00:00,47.448208,µg/m³,0.476889,45.126765,,true,NO_EXPLICIT_QAQC_IN_TABLE
INEA,WEBLAKES_CONCENTRATION_WITH_WIND,69,"VR - Belmonte",18,PM10,2024-07-21T21:00:00,45.478307,µg/m³,0.541006,53.057977,,true,NO_EXPLICIT_QAQC_IN_TABLE
INEA,WEBLAKES_CONCENTRATION_WITH_WIND,69,"VR - Belmonte",18,PM10,2024-07-21T22:00:00,33.797210,µg/m³,0.569500,55.954641,,true,NO_EXPLICIT_QAQC_IN_TABLE
INEA,WEBLAKES_CONCENTRATION_WITH_WIND,69,"VR - Belmonte",18,PM10,2024-07-21T23:00:00,30.247256,µg/m³,0.605970,12.239218,,true,NO_EXPLICIT_QAQC_IN_TABLE
INEA,WEBLAKES_CONCENTRATION_WITH_WIND,69,"VR - Belmonte",18,PM10,2024-07-22T00:00:00,22.961588,µg/m³,0.498384,38.850347,,true,NO_EXPLICIT_QAQC_IN_TABLE
INEA,WEBLAKES_CONCENTRATION_WITH_WIND,69,"VR - Belmonte",18,PM10,2024-07-22T01:00:00,21.421843,µg/m³,0.769729,314.030439,,true,NO_EXPLICIT_QAQC_IN_TABLE
INEA,WEBLAKES_CONCENTRATION_WITH_WIND,69,"VR - Belmonte",18,PM10,2024-07-22T02:00:00,20.255125,µg/m³,0.488337,2.472376,,true,NO_EXPLICIT_QAQC_IN_TABLE
INEA,WEBLAKES_CONCENTRATION_WITH_WIND,69,"VR - Belmonte",18,PM10,2024-07-22T03:00:00,19.928282,µg/m³,0.576397,346.050223,,true,NO_EXPLICIT_QAQC_IN_TABLE
INEA,WEBLAKES_CONCENTRATION_WITH_WIND,69,"VR - Belmonte",18,PM10,2024-07-22T04:00:00,25.482094,µg/m³,0.781643,0.833257,,true,NO_EXPLICIT_QAQC_IN_TABLE
INEA,WEBLAKES_CONCENTRATION_WITH_WIND,69,"VR - Belmonte",18,PM10,2024-07-22T05:00:00,32.681179,µg/m³,0.617472,326.210400,,true,NO_EXPLICIT_QAQC_IN_TABLE
INEA,WEBLAKES_CONCENTRATION_WITH_WIND,69,"VR - Belmonte",18,PM10,2024-07-22T06:00:00,29.714362,µg/m³,0.543080,316.797906,,true,NO_EXPLICIT_QAQC_IN_TABLE
INEA,WEBLAKES_CONCENTRATION_WITH_WIND,69,"VR - Belmonte",18,PM10,2024-07-22T07:00:00,35.296551,µg/m³,0.731500,315.135303,,true,NO_EXPLICIT_QAQC_IN_TABLE
INEA,WEBLAKES_CONCENTRATION_WITH_WIND,69,"VR - Belmonte",18,PM10,2024-07-22T08:00:00,54.260167,µg/m³,1.121405,299.230697,,true,NO_EXPLICIT_QAQC_IN_TABLE
INEA,WEBLAKES_CONCENTRATION_WITH_WIND,69,"VR - Belmonte",18,PM10,2024-07-22T09:00:00,38.787150,µg/m³,1.883102,284.515122,,true,NO_EXPLICIT_QAQC_IN_TABLE
INEA,WEBLAKES_CONCENTRATION_WITH_WIND,69,"VR - Belmonte",18,PM10,2024-07-22T10:00:00,31.681834,µg/m³,1.582926,271.829270,,true,NO_EXPLICIT_QAQC_IN_TABLE
INEA,WEBLAKES_CONCENTRATION_WITH_WIND,69,"VR - Belmonte",18,PM10,2024-07-22T11:00:00,25.848770,µg/m³,0.981563,200.815482,,true,NO_EXPLICIT_QAQC_IN_TABLE
INEA,WEBLAKES_CONCENTRATION_WITH_WIND,69,"VR - Belmonte",18,PM10,2024-07-22T12:00:00,8.906586,µg/m³,1.379709,234.620889,,true,NO_EXPLICIT_QAQC_IN_TABLE
INEA,WEBLAKES_CONCENTRATION_WITH_WIND,69,"VR - Belmonte",18,PM10,2024-07-22T13:00:00,20.990148,µg/m³,1.309773,228.880600,,true,NO_EXPLICIT_QAQC_IN_TABLE
INEA,WEBLAKES_CONCENTRATION_WITH_WIND,69,"VR - Belmonte",18,PM10,2024-07-22T14:00:00,51.666780,µg/m³,1.335223,192.788883,,true,NO_EXPLICIT_QAQC_IN_TABLE
INEA,WEBLAKES_CONCENTRATION_WITH_WIND,69,"VR - Belmonte",18,PM10,2024-07-22T15:00:00,49.131576,µg/m³,1.459311,192.914549,,true,NO_EXPLICIT_QAQC_IN_TABLE
INEA,WEBLAKES_CONCENTRATION_WITH_WIND,69,"VR - Belmonte",18,PM10,2024-07-22T16:00:00,70.728966,µg/m³,1.911542,208.701625,,true,NO_EXPLICIT_QAQC_IN_TABLE
INEA,WEBLAKES_CONCENTRATION_WITH_WIND,69,"VR - Belmonte",18,PM10,2024-07-22T17:00:00,60.297431,µg/m³,2.423158,187.190652,,true,NO_EXPLICIT_QAQC_IN_TABLE
INEA,WEBLAKES_CONCENTRATION_WITH_WIND,69,"VR - Belmonte",18,PM10,2024-07-22T18:00:00,53.869904,µg/m³,2.823246,181.523864,,true,NO_EXPLICIT_QAQC_IN_TABLE
INEA,WEBLAKES_CONCENTRATION_WITH_WIND,69,"VR - Belmonte",18,PM10,2024-07-22T19:00:00,52.743888,µg/m³,1.395704,142.767555,,true,NO_EXPLICIT_QAQC_IN_TABLE
INEA,WEBLAKES_CONCENTRATION_WITH_WIND,69,"VR - Belmonte",18,PM10,2024-07-22T20:00:00,39.711507,µg/m³,0.909323,119.446584,,true,NO_EXPLICIT_QAQC_IN_TABLE
INEA,WEBLAKES_CONCENTRATION_WITH_WIND,69,"VR - Belmonte",18,PM10,2024-07-22T21:00:00,37.044127,µg/m³,0.516795,324.570136,,true,NO_EXPLICIT_QAQC_IN_TABLE
INEA,WEBLAKES_CONCENTRATION_WITH_WIND,69,"VR - Belmonte",18,PM10,2024-07-22T22:00:00,33.562624,µg/m³,0.510049,15.117503,,true,NO_EXPLICIT_QAQC_IN_TABLE
INEA,WEBLAKES_CONCENTRATION_WITH_WIND,69,"VR - Belmonte",18,PM10,2024-07-22T23:00:00,27.901908,µg/m³,0.642433,56.735522,,true,NO_EXPLICIT_QAQC_IN_TABLE
INEA,WEBLAKES_CONCENTRATION_WITH_WIND,69,"VR - Belmonte",18,PM10,2024-07-23T00:00:00,23.698981,µg/m³,0.707821,64.571487,,true,NO_EXPLICIT_QAQC_IN_TABLE
INEA,WEBLAKES_CONCENTRATION_WITH_WIND,69,"VR - Belmonte",18,PM10,2024-07-23T01:00:00,22.715966,µg/m³,0.759076,78.820627,,true,NO_EXPLICIT_QAQC_IN_TABLE
INEA,WEBLAKES_CONCENTRATION_WITH_WIND,69,"VR - Belmonte",18,PM10,2024-07-23T02:00:00,46.387893,µg/m³,1.631232,153.859119,,true,NO_EXPLICIT_QAQC_IN_TABLE
INEA,WEBLAKES_CONCENTRATION_WITH_WIND,69,"VR - Belmonte",18,PM10,2024-07-23T03:00:00,51.288388,µg/m³,1.413899,141.657647,,true,NO_EXPLICIT_QAQC_IN_TABLE
INEA,WEBLAKES_CONCENTRATION_WITH_WIND,69,"VR - Belmonte",18,PM10,2024-07-23T04:00:00,40.527554,µg/m³,0.616101,81.113035,,true,NO_EXPLICIT_QAQC_IN_TABLE
INEA,WEBLAKES_CONCENTRATION_WITH_WIND,69,"VR - Belmonte",18,PM10,2024-07-23T05:00:00,33.585729,µg/m³,0.829428,4.603662,,true,NO_EXPLICIT_QAQC_IN_TABLE
INEA,WEBLAKES_CONCENTRATION_WITH_WIND,69,"VR - Belmonte",18,PM10,2024-07-23T06:00:00,11.800341,µg/m³,2.003101,298.547513,,true,NO_EXPLICIT_QAQC_IN_TABLE
INEA,WEBLAKES_CONCENTRATION_WITH_WIND,69,"VR - Belmonte",18,PM10,2024-07-23T07:00:00,29.866820,µg/m³,1.346088,294.012982,,true,NO_EXPLICIT_QAQC_IN_TABLE
INEA,WEBLAKES_CONCENTRATION_WITH_WIND,69,"VR - Belmonte",18,PM10,2024-07-23T08:00:00,31.248203,µg/m³,1.209874,303.865719,,true,NO_EXPLICIT_QAQC_IN_TABLE
INEA,WEBLAKES_CONCENTRATION_WITH_WIND,69,"VR - Belmonte",18,PM10,2024-07-23T09:00:00,37.646608,µg/m³,1.525681,295.659098,,true,NO_EXPLICIT_QAQC_IN_TABLE
INEA,WEBLAKES_CONCENTRATION_WITH_WIND,69,"VR - Belmonte",18,PM10,2024-07-23T10:00:00,48.787700,µg/m³,1.476927,264.291386,,true,NO_EXPLICIT_QAQC_IN_TABLE
INEA,WEBLAKES_CONCENTRATION_WITH_WIND,69,"VR - Belmonte",18,PM10,2024-07-23T11:00:00,49.589827,µg/m³,1.480567,263.841571,,true,NO_EXPLICIT_QAQC_IN_TABLE
INEA,WEBLAKES_CONCENTRATION_WITH_WIND,69,"VR - Belmonte",18,PM10,2024-07-23T12:00:00,42.326866,µg/m³,1.466815,272.108432,,true,NO_EXPLICIT_QAQC_IN_TABLE
INEA,WEBLAKES_CONCENTRATION_WITH_WIND,69,"VR - Belmonte",18,PM10,2024-07-23T13:00:00,39.133551,µg/m³,1.167058,291.893452,,true,NO_EXPLICIT_QAQC_IN_TABLE
INEA,WEBLAKES_CONCENTRATION_WITH_WIND,69,"VR - Belmonte",18,PM10,2024-07-23T14:00:00,11.118426,µg/m³,1.385816,261.445225,,true,NO_EXPLICIT_QAQC_IN_TABLE
INEA,WEBLAKES_CONCENTRATION_WITH_WIND,69,"VR - Belmonte",18,PM10,2024-07-23T15:00:00,35.334208,µg/m³,1.543222,199.189676,,true,NO_EXPLICIT_QAQC_IN_TABLE
INEA,WEBLAKES_CONCENTRATION_WITH_WIND,69,"VR - Belmonte",18,PM10,2024-07-23T16:00:00,26.658449,µg/m³,1.652252,196.691417,,true,NO_EXPLICIT_QAQC_IN_TABLE
INEA,WEBLAKES_CONCENTRATION_WITH_WIND,69,"VR - Belmonte",18,PM10,2024-07-23T17:00:00,72.700241,µg/m³,1.745774,201.723051,,true,NO_EXPLICIT_QAQC_IN_TABLE
INEA,WEBLAKES_CONCENTRATION_WITH_WIND,69,"VR - Belmonte",18,PM10,2024-07-23T18:00:00,59.224799,µg/m³,2.210655,172.599732,,true,NO_EXPLICIT_QAQC_IN_TABLE
INEA,WEBLAKES_CONCENTRATION_WITH_WIND,69,"VR - Belmonte",18,PM10,2024-07-23T19:00:00,76.431985,µg/m³,0.532447,103.733106,,true,NO_EXPLICIT_QAQC_IN_TABLE
INEA,WEBLAKES_CONCENTRATION_WITH_WIND,69,"VR - Belmonte",18,PM10,2024-07-23T20:00:00,58.972433,µg/m³,0.477117,75.390395,,true,NO_EXPLICIT_QAQC_IN_TABLE
INEA,WEBLAKES_CONCENTRATION_WITH_WIND,69,"VR - Belmonte",18,PM10,2024-07-23T21:00:00,51.857315,µg/m³,0.521012,59.575100,,true,NO_EXPLICIT_QAQC_IN_TABLE
INEA,WEBLAKES_CONCENTRATION_WITH_WIND,69,"VR - Belmonte",18,PM10,2024-07-23T22:00:00,42.228385,µg/m³,0.623806,55.214282,,true,NO_EXPLICIT_QAQC_IN_TABLE
INEA,WEBLAKES_CONCENTRATION_WITH_WIND,69,"VR - Belmonte",18,PM10,2024-07-23T23:00:00,40.083772,µg/m³,0.604428,38.674856,,true,NO_EXPLICIT_QAQC_IN_TABLE
INEA,WEBLAKES_CONCENTRATION_WITH_WIND,69,"VR - Belmonte",18,PM10,2024-07-24T00:00:00,36.999953,µg/m³,0.536834,17.271079,,true,NO_EXPLICIT_QAQC_IN_TABLE
INEA,WEBLAKES_CONCENTRATION_WITH_WIND,69,"VR - Belmonte",18,PM10,2024-07-24T01:00:00,33.450449,µg/m³,0.518531,23.760163,,true,NO_EXPLICIT_QAQC_IN_TABLE
INEA,WEBLAKES_CONCENTRATION_WITH_WIND,69,"VR - Belmonte",18,PM10,2024-07-24T02:00:00,31.911344,µg/m³,0.557191,43.067260,,true,NO_EXPLICIT_QAQC_IN_TABLE
INEA,WEBLAKES_CONCENTRATION_WITH_WIND,69,"VR - Belmonte",18,PM10,2024-07-24T03:00:00,25.618703,µg/m³,0.603382,60.417230,,true,NO_EXPLICIT_QAQC_IN_TABLE
INEA,WEBLAKES_CONCENTRATION_WITH_WIND,69,"VR - Belmonte",18,PM10,2024-07-24T04:00:00,23.459481,µg/m³,0.640713,62.442116,,true,NO_EXPLICIT_QAQC_IN_TABLE
INEA,WEBLAKES_CONCENTRATION_WITH_WIND,69,"VR - Belmonte",18,PM10,2024-07-24T05:00:00,40.413683,µg/m³,0.529610,24.166302,,true,NO_EXPLICIT_QAQC_IN_TABLE
INEA,WEBLAKES_CONCENTRATION_WITH_WIND,69,"VR - Belmonte",18,PM10,2024-07-24T06:00:00,74.518281,µg/m³,0.833022,295.062420,,true,NO_EXPLICIT_QAQC_IN_TABLE
INEA,WEBLAKES_CONCENTRATION_WITH_WIND,69,"VR - Belmonte",18,PM10,2024-07-24T07:00:00,77.027346,µg/m³,0.949085,305.833888,,true,NO_EXPLICIT_QAQC_IN_TABLE
INEA,WEBLAKES_CONCENTRATION_WITH_WIND,69,"VR - Belmonte",18,PM10,2024-07-24T08:00:00,76.457871,µg/m³,0.612818,301.941990,,true,NO_EXPLICIT_QAQC_IN_TABLE
INEA,WEBLAKES_CONCENTRATION_WITH_WIND,69,"VR - Belmonte",18,PM10,2024-07-24T09:00:00,108.265590,µg/m³,0.730327,104.069335,,true,NO_EXPLICIT_QAQC_IN_TABLE
INEA,WEBLAKES_CONCENTRATION_WITH_WIND,69,"VR - Belmonte",18,PM10,2024-07-24T10:00:00,93.028849,µg/m³,1.124378,311.195615,,true,NO_EXPLICIT_QAQC_IN_TABLE
INEA,WEBLAKES_CONCENTRATION_WITH_WIND,69,"VR - Belmonte",18,PM10,2024-07-24T11:00:00,97.527466,µg/m³,1.034220,286.257831,,true,NO_EXPLICIT_QAQC_IN_TABLE
INEA,WEBLAKES_CONCENTRATION_WITH_WIND,69,"VR - Belmonte",18,PM10,2024-07-24T12:00:00,93.228362,µg/m³,1.384689,156.068622,,true,NO_EXPLICIT_QAQC_IN_TABLE
INEA,WEBLAKES_CONCENTRATION_WITH_WIND,69,"VR - Belmonte",18,PM10,2024-07-24T13:00:00,26.548302,µg/m³,2.069298,123.027031,,true,NO_EXPLICIT_QAQC_IN_TABLE
INEA,WEBLAKES_CONCENTRATION_WITH_WIND,69,"VR - Belmonte",18,PM10,2024-07-24T14:00:00,40.009888,µg/m³,1.752337,124.798899,,true,NO_EXPLICIT_QAQC_IN_TABLE
INEA,WEBLAKES_CONCENTRATION_WITH_WIND,69,"VR - Belmonte",18,PM10,2024-07-24T15:00:00,31.897520,µg/m³,1.583945,196.864072,,true,NO_EXPLICIT_QAQC_IN_TABLE
INEA,WEBLAKES_CONCENTRATION_WITH_WIND,69,"VR - Belmonte",18,PM10,2024-07-24T16:00:00,33.085552,µg/m³,1.252515,215.404866,,true,NO_EXPLICIT_QAQC_IN_TABLE
INEA,WEBLAKES_CONCENTRATION_WITH_WIND,69,"VR - Belmonte",18,PM10,2024-07-24T17:00:00,44.743581,µg/m³,1.335945,208.270090,,true,NO_EXPLICIT_QAQC_IN_TABLE
INEA,WEBLAKES_CONCENTRATION_WITH_WIND,69,"VR - Belmonte",18,PM10,2024-07-24T18:00:00,82.352567,µg/m³,0.790877,163.774728,,true,NO_EXPLICIT_QAQC_IN_TABLE
INEA,WEBLAKES_CONCENTRATION_WITH_WIND,69,"VR - Belmonte",18,PM10,2024-07-24T19:00:00,88.342261,µg/m³,0.898208,198.716430,,true,NO_EXPLICIT_QAQC_IN_TABLE
INEA,WEBLAKES_CONCENTRATION_WITH_WIND,69,"VR - Belmonte",18,PM10,2024-07-24T20:00:00,110.582428,µg/m³,0.538930,323.419168,,true,NO_EXPLICIT_QAQC_IN_TABLE
INEA,WEBLAKES_CONCENTRATION_WITH_WIND,69,"VR - Belmonte",18,PM10,2024-07-24T21:00:00,89.382304,µg/m³,0.527814,40.371853,,true,NO_EXPLICIT_QAQC_IN_TABLE
INEA,WEBLAKES_CONCENTRATION_WITH_WIND,69,"VR - Belmonte",18,PM10,2024-07-24T22:00:00,59.165641,µg/m³,0.798125,57.849501,,true,NO_EXPLICIT_QAQC_IN_TABLE
INEA,WEBLAKES_CONCENTRATION_WITH_WIND,69,"VR - Belmonte",18,PM10,2024-07-24T23:00:00,45.448336,µg/m³,0.584304,29.516606,,true,NO_EXPLICIT_QAQC_IN_TABLE
INEA,WEBLAKES_CONCENTRATION_WITH_WIND,70,"VR - Retiro",18,PM10,2024-07-17T00:00:00,25.302303,µg/m³,0.913876,25.201176,,true,NO_EXPLICIT_QAQC_IN_TABLE
INEA,WEBLAKES_CONCENTRATION_WITH_WIND,70,"VR - Retiro",18,PM10,2024-07-17T01:00:00,26.727353,µg/m³,0.962205,81.852638,,true,NO_EXPLICIT_QAQC_IN_TABLE
INEA,WEBLAKES_CONCENTRATION_WITH_WIND,70,"VR - Retiro",18,PM10,2024-07-17T02:00:00,25.294985,µg/m³,0.906549,78.403406,,true,NO_EXPLICIT_QAQC_IN_TABLE
INEA,WEBLAKES_CONCENTRATION_WITH_WIND,70,"VR - Retiro",18,PM10,2024-07-17T03:00:00,29.932140,µg/m³,0.651545,64.683013,,true,NO_EXPLICIT_QAQC_IN_TABLE
INEA,WEBLAKES_CONCENTRATION_WITH_WIND,70,"VR - Retiro",18,PM10,2024-07-17T04:00:00,31.848558,µg/m³,1.057230,63.322799,,true,NO_EXPLICIT_QAQC_IN_TABLE
INEA,WEBLAKES_CONCENTRATION_WITH_WIND,70,"VR - Retiro",18,PM10,2024-07-17T05:00:00,31.093852,µg/m³,0.965145,83.561328,,true,NO_EXPLICIT_QAQC_IN_TABLE
INEA,WEBLAKES_CONCENTRATION_WITH_WIND,70,"VR - Retiro",18,PM10,2024-07-17T06:00:00,37.898488,µg/m³,0.660365,87.787155,,true,NO_EXPLICIT_QAQC_IN_TABLE
INEA,WEBLAKES_CONCENTRATION_WITH_WIND,70,"VR - Retiro",18,PM10,2024-07-17T07:00:00,38.565399,µg/m³,0.812953,63.268405,,true,NO_EXPLICIT_QAQC_IN_TABLE
INEA,WEBLAKES_CONCENTRATION_WITH_WIND,70,"VR - Retiro",18,PM10,2024-07-17T08:00:00,39.217320,µg/m³,0.669493,54.404167,,true,NO_EXPLICIT_QAQC_IN_TABLE
INEA,WEBLAKES_CONCENTRATION_WITH_WIND,70,"VR - Retiro",18,PM10,2024-07-17T09:00:00,36.022504,µg/m³,0.808525,72.675299,,true,NO_EXPLICIT_QAQC_IN_TABLE
INEA,WEBLAKES_CONCENTRATION_WITH_WIND,70,"VR - Retiro",18,PM10,2024-07-17T10:00:00,32.493169,µg/m³,1.390854,66.238665,,true,NO_EXPLICIT_QAQC_IN_TABLE
INEA,WEBLAKES_CONCENTRATION_WITH_WIND,70,"VR - Retiro",18,PM10,2024-07-17T11:00:00,31.168903,µg/m³,1.522993,317.075687,,true,NO_EXPLICIT_QAQC_IN_TABLE
INEA,WEBLAKES_CONCENTRATION_WITH_WIND,70,"VR - Retiro",18,PM10,2024-07-17T12:00:00,31.704425,µg/m³,1.437356,223.068848,,true,NO_EXPLICIT_QAQC_IN_TABLE
INEA,WEBLAKES_CONCENTRATION_WITH_WIND,70,"VR - Retiro",18,PM10,2024-07-17T13:00:00,37.410860,µg/m³,1.524778,191.341637,,true,NO_EXPLICIT_QAQC_IN_TABLE
INEA,WEBLAKES_CONCENTRATION_WITH_WIND,70,"VR - Retiro",18,PM10,2024-07-17T14:00:00,41.693445,µg/m³,1.461204,270.893611,,true,NO_EXPLICIT_QAQC_IN_TABLE
INEA,WEBLAKES_CONCENTRATION_WITH_WIND,70,"VR - Retiro",18,PM10,2024-07-17T15:00:00,42.045947,µg/m³,1.185142,56.774171,,true,NO_EXPLICIT_QAQC_IN_TABLE
INEA,WEBLAKES_CONCENTRATION_WITH_WIND,70,"VR - Retiro",18,PM10,2024-07-17T16:00:00,37.277449,µg/m³,1.028920,355.021740,,true,NO_EXPLICIT_QAQC_IN_TABLE
INEA,WEBLAKES_CONCENTRATION_WITH_WIND,70,"VR - Retiro",18,PM10,2024-07-17T17:00:00,57.678147,µg/m³,1.327953,354.322119,,true,NO_EXPLICIT_QAQC_IN_TABLE
INEA,WEBLAKES_CONCENTRATION_WITH_WIND,70,"VR - Retiro",18,PM10,2024-07-17T18:00:00,53.693995,µg/m³,0.931654,59.048228,,true,NO_EXPLICIT_QAQC_IN_TABLE
INEA,WEBLAKES_CONCENTRATION_WITH_WIND,70,"VR - Retiro",18,PM10,2024-07-17T19:00:00,51.524618,µg/m³,1.222415,71.923081,,true,NO_EXPLICIT_QAQC_IN_TABLE
INEA,WEBLAKES_CONCENTRATION_WITH_WIND,70,"VR - Retiro",18,PM10,2024-07-17T20:00:00,43.767734,µg/m³,1.200864,89.382610,,true,NO_EXPLICIT_QAQC_IN_TABLE
INEA,WEBLAKES_CONCENTRATION_WITH_WIND,70,"VR - Retiro",18,PM10,2024-07-17T21:00:00,43.728547,µg/m³,1.278163,86.088141,,true,NO_EXPLICIT_QAQC_IN_TABLE
INEA,WEBLAKES_CONCENTRATION_WITH_WIND,70,"VR - Retiro",18,PM10,2024-07-17T22:00:00,35.131173,µg/m³,1.302953,97.361832,,true,NO_EXPLICIT_QAQC_IN_TABLE
INEA,WEBLAKES_CONCENTRATION_WITH_WIND,70,"VR - Retiro",18,PM10,2024-07-17T23:00:00,26.753138,µg/m³,1.185011,97.286772,,true,NO_EXPLICIT_QAQC_IN_TABLE
INEA,WEBLAKES_CONCENTRATION_WITH_WIND,70,"VR - Retiro",18,PM10,2024-07-18T00:00:00,25.202327,µg/m³,1.335444,97.805213,,true,NO_EXPLICIT_QAQC_IN_TABLE
INEA,WEBLAKES_CONCENTRATION_WITH_WIND,70,"VR - Retiro",18,PM10,2024-07-18T01:00:00,29.413664,µg/m³,1.101644,99.162413,,true,NO_EXPLICIT_QAQC_IN_TABLE
INEA,WEBLAKES_CONCENTRATION_WITH_WIND,70,"VR - Retiro",18,PM10,2024-07-18T02:00:00,25.123678,µg/m³,0.966971,105.710353,,true,NO_EXPLICIT_QAQC_IN_TABLE
INEA,WEBLAKES_CONCENTRATION_WITH_WIND,70,"VR - Retiro",18,PM10,2024-07-18T03:00:00,20.071425,µg/m³,1.012219,105.368184,,true,NO_EXPLICIT_QAQC_IN_TABLE
INEA,WEBLAKES_CONCENTRATION_WITH_WIND,70,"VR - Retiro",18,PM10,2024-07-18T04:00:00,23.507633,µg/m³,1.115206,95.310840,,true,NO_EXPLICIT_QAQC_IN_TABLE
INEA,WEBLAKES_CONCENTRATION_WITH_WIND,70,"VR - Retiro",18,PM10,2024-07-18T05:00:00,28.041508,µg/m³,0.963510,102.914307,,true,NO_EXPLICIT_QAQC_IN_TABLE
INEA,WEBLAKES_CONCENTRATION_WITH_WIND,70,"VR - Retiro",18,PM10,2024-07-18T06:00:00,29.350174,µg/m³,1.241097,103.353140,,true,NO_EXPLICIT_QAQC_IN_TABLE
INEA,WEBLAKES_CONCENTRATION_WITH_WIND,70,"VR - Retiro",18,PM10,2024-07-18T07:00:00,56.862818,µg/m³,0.594799,94.146262,,true,NO_EXPLICIT_QAQC_IN_TABLE
INEA,WEBLAKES_CONCENTRATION_WITH_WIND,70,"VR - Retiro",18,PM10,2024-07-18T08:00:00,46.861292,µg/m³,0.828411,218.678306,,true,NO_EXPLICIT_QAQC_IN_TABLE
INEA,WEBLAKES_CONCENTRATION_WITH_WIND,70,"VR - Retiro",18,PM10,2024-07-18T09:00:00,45.364774,µg/m³,1.185168,174.341464,,true,NO_EXPLICIT_QAQC_IN_TABLE
INEA,WEBLAKES_CONCENTRATION_WITH_WIND,70,"VR - Retiro",18,PM10,2024-07-18T10:00:00,37.723197,µg/m³,1.146541,203.250631,,true,NO_EXPLICIT_QAQC_IN_TABLE
INEA,WEBLAKES_CONCENTRATION_WITH_WIND,70,"VR - Retiro",18,PM10,2024-07-18T11:00:00,32.448559,µg/m³,1.401794,77.904413,,true,NO_EXPLICIT_QAQC_IN_TABLE
INEA,WEBLAKES_CONCENTRATION_WITH_WIND,70,"VR - Retiro",18,PM10,2024-07-18T13:00:00,0.000000,µg/m³,1.667844,168.233613,,true,ZERO_VALUE_REVIEW
INEA,WEBLAKES_CONCENTRATION_WITH_WIND,70,"VR - Retiro",18,PM10,2024-07-18T14:00:00,36.229654,µg/m³,1.777791,148.567998,,true,NO_EXPLICIT_QAQC_IN_TABLE
INEA,WEBLAKES_CONCENTRATION_WITH_WIND,70,"VR - Retiro",18,PM10,2024-07-18T15:00:00,145.846750,µg/m³,2.974654,116.618261,,true,NO_EXPLICIT_QAQC_IN_TABLE
INEA,WEBLAKES_CONCENTRATION_WITH_WIND,70,"VR - Retiro",18,PM10,2024-07-18T16:00:00,107.051063,µg/m³,2.891666,115.263862,,true,NO_EXPLICIT_QAQC_IN_TABLE
INEA,WEBLAKES_CONCENTRATION_WITH_WIND,70,"VR - Retiro",18,PM10,2024-07-18T17:00:00,64.988503,µg/m³,2.646750,41.784679,,true,NO_EXPLICIT_QAQC_IN_TABLE
INEA,WEBLAKES_CONCENTRATION_WITH_WIND,70,"VR - Retiro",18,PM10,2024-07-18T18:00:00,42.598179,µg/m³,2.552821,102.457579,,true,NO_EXPLICIT_QAQC_IN_TABLE
INEA,WEBLAKES_CONCENTRATION_WITH_WIND,70,"VR - Retiro",18,PM10,2024-07-18T19:00:00,25.626482,µg/m³,2.181956,82.857229,,true,NO_EXPLICIT_QAQC_IN_TABLE
INEA,WEBLAKES_CONCENTRATION_WITH_WIND,70,"VR - Retiro",18,PM10,2024-07-18T20:00:00,22.987952,µg/m³,2.029557,74.321888,,true,NO_EXPLICIT_QAQC_IN_TABLE
INEA,WEBLAKES_CONCENTRATION_WITH_WIND,70,"VR - Retiro",18,PM10,2024-07-18T21:00:00,25.043433,µg/m³,1.683931,79.868490,,true,NO_EXPLICIT_QAQC_IN_TABLE
INEA,WEBLAKES_CONCENTRATION_WITH_WIND,70,"VR - Retiro",18,PM10,2024-07-18T22:00:00,22.229094,µg/m³,1.777860,73.715759,,true,NO_EXPLICIT_QAQC_IN_TABLE
INEA,WEBLAKES_CONCENTRATION_WITH_WIND,70,"VR - Retiro",18,PM10,2024-07-18T23:00:00,19.031369,µg/m³,1.024787,104.653364,,true,NO_EXPLICIT_QAQC_IN_TABLE
INEA,WEBLAKES_CONCENTRATION_WITH_WIND,70,"VR - Retiro",18,PM10,2024-07-19T00:00:00,15.520405,µg/m³,1.232187,1.075001,,true,NO_EXPLICIT_QAQC_IN_TABLE
INEA,WEBLAKES_CONCENTRATION_WITH_WIND,70,"VR - Retiro",18,PM10,2024-07-19T01:00:00,10.121372,µg/m³,0.923879,84.984629,,true,NO_EXPLICIT_QAQC_IN_TABLE
INEA,WEBLAKES_CONCENTRATION_WITH_WIND,70,"VR - Retiro",18,PM10,2024-07-19T02:00:00,11.671333,µg/m³,0.804144,357.957474,,true,NO_EXPLICIT_QAQC_IN_TABLE
INEA,WEBLAKES_CONCENTRATION_WITH_WIND,70,"VR - Retiro",18,PM10,2024-07-19T03:00:00,12.074840,µg/m³,0.738453,40.856121,,true,NO_EXPLICIT_QAQC_IN_TABLE
INEA,WEBLAKES_CONCENTRATION_WITH_WIND,70,"VR - Retiro",18,PM10,2024-07-19T04:00:00,13.862189,µg/m³,1.026318,55.660854,,true,NO_EXPLICIT_QAQC_IN_TABLE
INEA,WEBLAKES_CONCENTRATION_WITH_WIND,70,"VR - Retiro",18,PM10,2024-07-19T05:00:00,17.885716,µg/m³,1.002766,64.121103,,true,NO_EXPLICIT_QAQC_IN_TABLE
INEA,WEBLAKES_CONCENTRATION_WITH_WIND,70,"VR - Retiro",18,PM10,2024-07-19T06:00:00,19.643539,µg/m³,0.829213,79.681589,,true,NO_EXPLICIT_QAQC_IN_TABLE
INEA,WEBLAKES_CONCENTRATION_WITH_WIND,70,"VR - Retiro",18,PM10,2024-07-19T07:00:00,19.300293,µg/m³,0.865809,59.922984,,true,NO_EXPLICIT_QAQC_IN_TABLE
INEA,WEBLAKES_CONCENTRATION_WITH_WIND,70,"VR - Retiro",18,PM10,2024-07-19T08:00:00,21.236884,µg/m³,1.366051,79.997596,,true,NO_EXPLICIT_QAQC_IN_TABLE
INEA,WEBLAKES_CONCENTRATION_WITH_WIND,70,"VR - Retiro",18,PM10,2024-07-19T09:00:00,29.051653,µg/m³,1.073645,74.982200,,true,NO_EXPLICIT_QAQC_IN_TABLE
INEA,WEBLAKES_CONCENTRATION_WITH_WIND,70,"VR - Retiro",18,PM10,2024-07-19T10:00:00,28.027650,µg/m³,1.406774,72.335608,,true,NO_EXPLICIT_QAQC_IN_TABLE
INEA,WEBLAKES_CONCENTRATION_WITH_WIND,70,"VR - Retiro",18,PM10,2024-07-19T11:00:00,16.598440,µg/m³,1.118096,32.446844,,true,NO_EXPLICIT_QAQC_IN_TABLE
INEA,WEBLAKES_CONCENTRATION_WITH_WIND,70,"VR - Retiro",18,PM10,2024-07-19T12:00:00,50.444913,µg/m³,1.063407,124.238328,,true,NO_EXPLICIT_QAQC_IN_TABLE
INEA,WEBLAKES_CONCENTRATION_WITH_WIND,70,"VR - Retiro",18,PM10,2024-07-19T13:00:00,49.178256,µg/m³,1.397120,59.348436,,true,NO_EXPLICIT_QAQC_IN_TABLE
INEA,WEBLAKES_CONCENTRATION_WITH_WIND,70,"VR - Retiro",18,PM10,2024-07-19T14:00:00,61.467078,µg/m³,1.851836,48.163343,,true,NO_EXPLICIT_QAQC_IN_TABLE
INEA,WEBLAKES_CONCENTRATION_WITH_WIND,70,"VR - Retiro",18,PM10,2024-07-19T15:00:00,67.703815,µg/m³,1.909493,86.134333,,true,NO_EXPLICIT_QAQC_IN_TABLE
INEA,WEBLAKES_CONCENTRATION_WITH_WIND,70,"VR - Retiro",18,PM10,2024-07-19T16:00:00,102.696763,µg/m³,2.456285,102.567446,,true,NO_EXPLICIT_QAQC_IN_TABLE
INEA,WEBLAKES_CONCENTRATION_WITH_WIND,70,"VR - Retiro",18,PM10,2024-07-19T17:00:00,174.524874,µg/m³,2.291842,66.650420,,true,NO_EXPLICIT_QAQC_IN_TABLE
INEA,WEBLAKES_CONCENTRATION_WITH_WIND,70,"VR - Retiro",18,PM10,2024-07-19T18:00:00,61.077959,µg/m³,1.751298,17.281202,,true,NO_EXPLICIT_QAQC_IN_TABLE
INEA,WEBLAKES_CONCENTRATION_WITH_WIND,70,"VR - Retiro",18,PM10,2024-07-19T19:00:00,32.817755,µg/m³,1.607085,19.900353,,true,NO_EXPLICIT_QAQC_IN_TABLE
INEA,WEBLAKES_CONCENTRATION_WITH_WIND,70,"VR - Retiro",18,PM10,2024-07-19T20:00:00,27.397357,µg/m³,1.169483,19.115221,,true,NO_EXPLICIT_QAQC_IN_TABLE
INEA,WEBLAKES_CONCENTRATION_WITH_WIND,70,"VR - Retiro",18,PM10,2024-07-19T21:00:00,25.984914,µg/m³,1.026303,64.276633,,true,NO_EXPLICIT_QAQC_IN_TABLE
INEA,WEBLAKES_CONCENTRATION_WITH_WIND,70,"VR - Retiro",18,PM10,2024-07-19T22:00:00,26.143723,µg/m³,1.492691,88.232153,,true,NO_EXPLICIT_QAQC_IN_TABLE
INEA,WEBLAKES_CONCENTRATION_WITH_WIND,70,"VR - Retiro",18,PM10,2024-07-19T23:00:00,18.675262,µg/m³,1.360387,92.107226,,true,NO_EXPLICIT_QAQC_IN_TABLE
INEA,WEBLAKES_CONCENTRATION_WITH_WIND,70,"VR - Retiro",18,PM10,2024-07-20T00:00:00,17.191774,µg/m³,1.584465,94.740538,,true,NO_EXPLICIT_QAQC_IN_TABLE
INEA,WEBLAKES_CONCENTRATION_WITH_WIND,70,"VR - Retiro",18,PM10,2024-07-20T01:00:00,20.473726,µg/m³,1.342252,102.391253,,true,NO_EXPLICIT_QAQC_IN_TABLE
INEA,WEBLAKES_CONCENTRATION_WITH_WIND,70,"VR - Retiro",18,PM10,2024-07-20T02:00:00,30.935039,µg/m³,1.007765,112.918220,,true,NO_EXPLICIT_QAQC_IN_TABLE
INEA,WEBLAKES_CONCENTRATION_WITH_WIND,70,"VR - Retiro",18,PM10,2024-07-20T03:00:00,23.971624,µg/m³,1.151464,116.108604,,true,NO_EXPLICIT_QAQC_IN_TABLE
INEA,WEBLAKES_CONCENTRATION_WITH_WIND,70,"VR - Retiro",18,PM10,2024-07-20T04:00:00,23.905929,µg/m³,1.393563,115.819863,,true,NO_EXPLICIT_QAQC_IN_TABLE
INEA,WEBLAKES_CONCENTRATION_WITH_WIND,70,"VR - Retiro",18,PM10,2024-07-20T05:00:00,25.644079,µg/m³,0.969547,112.319587,,true,NO_EXPLICIT_QAQC_IN_TABLE
INEA,WEBLAKES_CONCENTRATION_WITH_WIND,70,"VR - Retiro",18,PM10,2024-07-20T06:00:00,31.980268,µg/m³,0.807781,90.977099,,true,NO_EXPLICIT_QAQC_IN_TABLE
INEA,WEBLAKES_CONCENTRATION_WITH_WIND,70,"VR - Retiro",18,PM10,2024-07-20T07:00:00,42.737553,µg/m³,0.963234,113.633953,,true,NO_EXPLICIT_QAQC_IN_TABLE
INEA,WEBLAKES_CONCENTRATION_WITH_WIND,70,"VR - Retiro",18,PM10,2024-07-20T08:00:00,46.012433,µg/m³,1.012598,98.768490,,true,NO_EXPLICIT_QAQC_IN_TABLE
INEA,WEBLAKES_CONCENTRATION_WITH_WIND,70,"VR - Retiro",18,PM10,2024-07-20T09:00:00,43.381857,µg/m³,1.125468,57.424499,,true,NO_EXPLICIT_QAQC_IN_TABLE
INEA,WEBLAKES_CONCENTRATION_WITH_WIND,70,"VR - Retiro",18,PM10,2024-07-20T10:00:00,59.539794,µg/m³,1.745998,307.897660,,true,NO_EXPLICIT_QAQC_IN_TABLE
INEA,WEBLAKES_CONCENTRATION_WITH_WIND,70,"VR - Retiro",18,PM10,2024-07-20T11:00:00,55.189017,µg/m³,1.562992,30.803582,,true,NO_EXPLICIT_QAQC_IN_TABLE
INEA,WEBLAKES_CONCENTRATION_WITH_WIND,70,"VR - Retiro",18,PM10,2024-07-20T12:00:00,53.068391,µg/m³,1.785086,220.312668,,true,NO_EXPLICIT_QAQC_IN_TABLE
INEA,WEBLAKES_CONCENTRATION_WITH_WIND,70,"VR - Retiro",18,PM10,2024-07-20T13:00:00,42.839042,µg/m³,1.954424,238.069926,,true,NO_EXPLICIT_QAQC_IN_TABLE
INEA,WEBLAKES_CONCENTRATION_WITH_WIND,70,"VR - Retiro",18,PM10,2024-07-20T14:00:00,53.253351,µg/m³,1.605014,281.372863,,true,NO_EXPLICIT_QAQC_IN_TABLE
INEA,WEBLAKES_CONCENTRATION_WITH_WIND,70,"VR - Retiro",18,PM10,2024-07-20T15:00:00,63.167433,µg/m³,1.378007,279.771404,,true,NO_EXPLICIT_QAQC_IN_TABLE
INEA,WEBLAKES_CONCENTRATION_WITH_WIND,70,"VR - Retiro",18,PM10,2024-07-20T16:00:00,44.492499,µg/m³,1.139713,121.510013,,true,NO_EXPLICIT_QAQC_IN_TABLE
INEA,WEBLAKES_CONCENTRATION_WITH_WIND,70,"VR - Retiro",18,PM10,2024-07-20T17:00:00,54.951465,µg/m³,1.661344,47.440098,,true,NO_EXPLICIT_QAQC_IN_TABLE
INEA,WEBLAKES_CONCENTRATION_WITH_WIND,70,"VR - Retiro",18,PM10,2024-07-20T18:00:00,57.505012,µg/m³,1.032499,26.424502,,true,NO_EXPLICIT_QAQC_IN_TABLE
INEA,WEBLAKES_CONCENTRATION_WITH_WIND,70,"VR - Retiro",18,PM10,2024-07-20T19:00:00,63.156544,µg/m³,0.990129,23.351417,,true,NO_EXPLICIT_QAQC_IN_TABLE
INEA,WEBLAKES_CONCENTRATION_WITH_WIND,70,"VR - Retiro",18,PM10,2024-07-20T20:00:00,63.388202,µg/m³,0.650824,40.472883,,true,NO_EXPLICIT_QAQC_IN_TABLE
INEA,WEBLAKES_CONCENTRATION_WITH_WIND,70,"VR - Retiro",18,PM10,2024-07-20T21:00:00,47.097828,µg/m³,0.855004,43.552224,,true,NO_EXPLICIT_QAQC_IN_TABLE
INEA,WEBLAKES_CONCENTRATION_WITH_WIND,70,"VR - Retiro",18,PM10,2024-07-20T22:00:00,32.682695,µg/m³,0.740044,34.620983,,true,NO_EXPLICIT_QAQC_IN_TABLE
INEA,WEBLAKES_CONCENTRATION_WITH_WIND,70,"VR - Retiro",18,PM10,2024-07-20T23:00:00,28.572096,µg/m³,0.594347,88.322758,,true,NO_EXPLICIT_QAQC_IN_TABLE
INEA,WEBLAKES_CONCENTRATION_WITH_WIND,70,"VR - Retiro",18,PM10,2024-07-21T00:00:00,38.601101,µg/m³,0.939788,109.041095,,true,NO_EXPLICIT_QAQC_IN_TABLE
INEA,WEBLAKES_CONCENTRATION_WITH_WIND,70,"VR - Retiro",18,PM10,2024-07-21T01:00:00,28.581957,µg/m³,1.478098,111.341294,,true,NO_EXPLICIT_QAQC_IN_TABLE
INEA,WEBLAKES_CONCENTRATION_WITH_WIND,70,"VR - Retiro",18,PM10,2024-07-21T02:00:00,32.488751,µg/m³,1.042930,104.650944,,true,NO_EXPLICIT_QAQC_IN_TABLE
INEA,WEBLAKES_CONCENTRATION_WITH_WIND,70,"VR - Retiro",18,PM10,2024-07-21T03:00:00,45.410790,µg/m³,0.801708,102.414288,,true,NO_EXPLICIT_QAQC_IN_TABLE
INEA,WEBLAKES_CONCENTRATION_WITH_WIND,70,"VR - Retiro",18,PM10,2024-07-21T04:00:00,39.964431,µg/m³,0.917058,100.835419,,true,NO_EXPLICIT_QAQC_IN_TABLE
INEA,WEBLAKES_CONCENTRATION_WITH_WIND,70,"VR - Retiro",18,PM10,2024-07-21T05:00:00,33.224663,µg/m³,0.992153,105.433587,,true,NO_EXPLICIT_QAQC_IN_TABLE
INEA,WEBLAKES_CONCENTRATION_WITH_WIND,70,"VR - Retiro",18,PM10,2024-07-21T06:00:00,57.944250,µg/m³,0.863577,113.921383,,true,NO_EXPLICIT_QAQC_IN_TABLE
INEA,WEBLAKES_CONCENTRATION_WITH_WIND,70,"VR - Retiro",18,PM10,2024-07-21T07:00:00,91.324754,µg/m³,0.875893,108.355673,,true,NO_EXPLICIT_QAQC_IN_TABLE
INEA,WEBLAKES_CONCENTRATION_WITH_WIND,70,"VR - Retiro",18,PM10,2024-07-21T08:00:00,92.931905,µg/m³,0.933502,108.639718,,true,NO_EXPLICIT_QAQC_IN_TABLE
INEA,WEBLAKES_CONCENTRATION_WITH_WIND,70,"VR - Retiro",18,PM10,2024-07-21T09:00:00,65.379550,µg/m³,1.143519,267.398634,,true,NO_EXPLICIT_QAQC_IN_TABLE
INEA,WEBLAKES_CONCENTRATION_WITH_WIND,70,"VR - Retiro",18,PM10,2024-07-21T10:00:00,46.844473,µg/m³,1.446499,246.470259,,true,NO_EXPLICIT_QAQC_IN_TABLE
INEA,WEBLAKES_CONCENTRATION_WITH_WIND,70,"VR - Retiro",18,PM10,2024-07-21T11:00:00,39.036557,µg/m³,1.311055,119.559066,,true,NO_EXPLICIT_QAQC_IN_TABLE
INEA,WEBLAKES_CONCENTRATION_WITH_WIND,70,"VR - Retiro",18,PM10,2024-07-21T12:00:00,46.231713,µg/m³,1.828254,295.508656,,true,NO_EXPLICIT_QAQC_IN_TABLE
INEA,WEBLAKES_CONCENTRATION_WITH_WIND,70,"VR - Retiro",18,PM10,2024-07-21T13:00:00,44.509632,µg/m³,1.450232,111.279143,,true,NO_EXPLICIT_QAQC_IN_TABLE
INEA,WEBLAKES_CONCENTRATION_WITH_WIND,70,"VR - Retiro",18,PM10,2024-07-21T14:00:00,24.278609,µg/m³,1.291003,7.126397,,true,NO_EXPLICIT_QAQC_IN_TABLE
INEA,WEBLAKES_CONCENTRATION_WITH_WIND,70,"VR - Retiro",18,PM10,2024-07-21T15:00:00,30.597280,µg/m³,1.721862,119.842916,,true,NO_EXPLICIT_QAQC_IN_TABLE
INEA,WEBLAKES_CONCENTRATION_WITH_WIND,70,"VR - Retiro",18,PM10,2024-07-21T16:00:00,7.417154,µg/m³,2.139626,107.225066,,true,NO_EXPLICIT_QAQC_IN_TABLE
INEA,WEBLAKES_CONCENTRATION_WITH_WIND,70,"VR - Retiro",18,PM10,2024-07-21T17:00:00,45.301367,µg/m³,1.630119,112.422933,,true,NO_EXPLICIT_QAQC_IN_TABLE
INEA,WEBLAKES_CONCENTRATION_WITH_WIND,70,"VR - Retiro",18,PM10,2024-07-21T18:00:00,54.136920,µg/m³,1.525266,74.392865,,true,NO_EXPLICIT_QAQC_IN_TABLE
INEA,WEBLAKES_CONCENTRATION_WITH_WIND,70,"VR - Retiro",18,PM10,2024-07-21T19:00:00,41.898050,µg/m³,0.792933,9.388514,,true,NO_EXPLICIT_QAQC_IN_TABLE
INEA,WEBLAKES_CONCENTRATION_WITH_WIND,70,"VR - Retiro",18,PM10,2024-07-21T20:00:00,37.441476,µg/m³,1.397029,322.316917,,true,NO_EXPLICIT_QAQC_IN_TABLE
INEA,WEBLAKES_CONCENTRATION_WITH_WIND,70,"VR - Retiro",18,PM10,2024-07-21T21:00:00,33.889242,µg/m³,1.348924,319.510718,,true,NO_EXPLICIT_QAQC_IN_TABLE
INEA,WEBLAKES_CONCENTRATION_WITH_WIND,70,"VR - Retiro",18,PM10,2024-07-21T22:00:00,30.585192,µg/m³,1.602775,324.161293,,true,NO_EXPLICIT_QAQC_IN_TABLE
INEA,WEBLAKES_CONCENTRATION_WITH_WIND,70,"VR - Retiro",18,PM10,2024-07-21T23:00:00,26.146804,µg/m³,1.079285,322.708808,,true,NO_EXPLICIT_QAQC_IN_TABLE
INEA,WEBLAKES_CONCENTRATION_WITH_WIND,70,"VR - Retiro",18,PM10,2024-07-22T00:00:00,22.973160,µg/m³,1.293495,322.944948,,true,NO_EXPLICIT_QAQC_IN_TABLE
INEA,WEBLAKES_CONCENTRATION_WITH_WIND,70,"VR - Retiro",18,PM10,2024-07-22T01:00:00,19.148911,µg/m³,1.019206,326.940850,,true,NO_EXPLICIT_QAQC_IN_TABLE
INEA,WEBLAKES_CONCENTRATION_WITH_WIND,70,"VR - Retiro",18,PM10,2024-07-22T02:00:00,19.110459,µg/m³,0.903346,325.407888,,true,NO_EXPLICIT_QAQC_IN_TABLE
INEA,WEBLAKES_CONCENTRATION_WITH_WIND,70,"VR - Retiro",18,PM10,2024-07-22T03:00:00,17.083290,µg/m³,0.879778,326.565243,,true,NO_EXPLICIT_QAQC_IN_TABLE
INEA,WEBLAKES_CONCENTRATION_WITH_WIND,70,"VR - Retiro",18,PM10,2024-07-22T04:00:00,15.909357,µg/m³,1.029879,323.031197,,true,NO_EXPLICIT_QAQC_IN_TABLE
INEA,WEBLAKES_CONCENTRATION_WITH_WIND,70,"VR - Retiro",18,PM10,2024-07-22T05:00:00,19.398771,µg/m³,0.541580,326.090237,,true,NO_EXPLICIT_QAQC_IN_TABLE
INEA,WEBLAKES_CONCENTRATION_WITH_WIND,70,"VR - Retiro",18,PM10,2024-07-22T06:00:00,43.013834,µg/m³,0.716212,326.236803,,true,NO_EXPLICIT_QAQC_IN_TABLE
INEA,WEBLAKES_CONCENTRATION_WITH_WIND,70,"VR - Retiro",18,PM10,2024-07-22T07:00:00,54.372420,µg/m³,0.869278,325.322674,,true,NO_EXPLICIT_QAQC_IN_TABLE
INEA,WEBLAKES_CONCENTRATION_WITH_WIND,70,"VR - Retiro",18,PM10,2024-07-22T08:00:00,86.027422,µg/m³,0.875080,287.869690,,true,NO_EXPLICIT_QAQC_IN_TABLE
INEA,WEBLAKES_CONCENTRATION_WITH_WIND,70,"VR - Retiro",18,PM10,2024-07-22T09:00:00,39.685480,µg/m³,1.364880,170.164362,,true,NO_EXPLICIT_QAQC_IN_TABLE
INEA,WEBLAKES_CONCENTRATION_WITH_WIND,70,"VR - Retiro",18,PM10,2024-07-22T10:00:00,37.823696,µg/m³,1.573013,144.141165,,true,NO_EXPLICIT_QAQC_IN_TABLE
INEA,WEBLAKES_CONCENTRATION_WITH_WIND,70,"VR - Retiro",18,PM10,2024-07-22T11:00:00,18.645722,µg/m³,1.261526,196.862304,,true,NO_EXPLICIT_QAQC_IN_TABLE
INEA,WEBLAKES_CONCENTRATION_WITH_WIND,70,"VR - Retiro",18,PM10,2024-07-22T12:00:00,16.650686,µg/m³,1.481610,144.739522,,true,NO_EXPLICIT_QAQC_IN_TABLE
INEA,WEBLAKES_CONCENTRATION_WITH_WIND,70,"VR - Retiro",18,PM10,2024-07-22T13:00:00,26.490440,µg/m³,1.473209,81.505224,,true,NO_EXPLICIT_QAQC_IN_TABLE
INEA,WEBLAKES_CONCENTRATION_WITH_WIND,70,"VR - Retiro",18,PM10,2024-07-22T14:00:00,20.204901,µg/m³,1.555319,110.931844,,true,NO_EXPLICIT_QAQC_IN_TABLE
INEA,WEBLAKES_CONCENTRATION_WITH_WIND,70,"VR - Retiro",18,PM10,2024-07-22T15:00:00,34.697489,µg/m³,1.623307,78.634285,,true,NO_EXPLICIT_QAQC_IN_TABLE
INEA,WEBLAKES_CONCENTRATION_WITH_WIND,70,"VR - Retiro",18,PM10,2024-07-22T16:00:00,76.624693,µg/m³,2.197046,114.876087,,true,NO_EXPLICIT_QAQC_IN_TABLE
INEA,WEBLAKES_CONCENTRATION_WITH_WIND,70,"VR - Retiro",18,PM10,2024-07-22T17:00:00,81.058783,µg/m³,2.015950,98.932179,,true,NO_EXPLICIT_QAQC_IN_TABLE
INEA,WEBLAKES_CONCENTRATION_WITH_WIND,70,"VR - Retiro",18,PM10,2024-07-22T18:00:00,56.122668,µg/m³,1.678776,93.781330,,true,NO_EXPLICIT_QAQC_IN_TABLE
INEA,WEBLAKES_CONCENTRATION_WITH_WIND,70,"VR - Retiro",18,PM10,2024-07-22T19:00:00,35.916087,µg/m³,1.130015,78.720424,,true,NO_EXPLICIT_QAQC_IN_TABLE
INEA,WEBLAKES_CONCENTRATION_WITH_WIND,70,"VR - Retiro",18,PM10,2024-07-22T20:00:00,37.692694,µg/m³,0.913966,353.689385,,true,NO_EXPLICIT_QAQC_IN_TABLE
INEA,WEBLAKES_CONCENTRATION_WITH_WIND,70,"VR - Retiro",18,PM10,2024-07-22T21:00:00,39.643253,µg/m³,1.423361,325.055095,,true,NO_EXPLICIT_QAQC_IN_TABLE
INEA,WEBLAKES_CONCENTRATION_WITH_WIND,70,"VR - Retiro",18,PM10,2024-07-22T22:00:00,34.667543,µg/m³,1.323644,323.555028,,true,NO_EXPLICIT_QAQC_IN_TABLE
INEA,WEBLAKES_CONCENTRATION_WITH_WIND,70,"VR - Retiro",18,PM10,2024-07-22T23:00:00,30.046083,µg/m³,1.262573,319.137675,,true,NO_EXPLICIT_QAQC_IN_TABLE
INEA,WEBLAKES_CONCENTRATION_WITH_WIND,70,"VR - Retiro",18,PM10,2024-07-23T00:00:00,29.166378,µg/m³,1.485110,316.119500,,true,NO_EXPLICIT_QAQC_IN_TABLE
INEA,WEBLAKES_CONCENTRATION_WITH_WIND,70,"VR - Retiro",18,PM10,2024-07-23T01:00:00,24.578486,µg/m³,0.998971,320.278834,,true,NO_EXPLICIT_QAQC_IN_TABLE
INEA,WEBLAKES_CONCENTRATION_WITH_WIND,70,"VR - Retiro",18,PM10,2024-07-23T02:00:00,40.116799,µg/m³,1.231399,68.270220,,true,NO_EXPLICIT_QAQC_IN_TABLE
INEA,WEBLAKES_CONCENTRATION_WITH_WIND,70,"VR - Retiro",18,PM10,2024-07-23T03:00:00,41.509886,µg/m³,1.002248,64.619557,,true,NO_EXPLICIT_QAQC_IN_TABLE
INEA,WEBLAKES_CONCENTRATION_WITH_WIND,70,"VR - Retiro",18,PM10,2024-07-23T04:00:00,31.758288,µg/m³,0.749347,291.544247,,true,NO_EXPLICIT_QAQC_IN_TABLE
INEA,WEBLAKES_CONCENTRATION_WITH_WIND,70,"VR - Retiro",18,PM10,2024-07-23T05:00:00,35.176520,µg/m³,1.128458,319.587307,,true,NO_EXPLICIT_QAQC_IN_TABLE
INEA,WEBLAKES_CONCENTRATION_WITH_WIND,70,"VR - Retiro",18,PM10,2024-07-23T06:00:00,36.214418,µg/m³,1.005027,249.715120,,true,NO_EXPLICIT_QAQC_IN_TABLE
INEA,WEBLAKES_CONCENTRATION_WITH_WIND,70,"VR - Retiro",18,PM10,2024-07-23T07:00:00,40.998194,µg/m³,0.912569,230.003880,,true,NO_EXPLICIT_QAQC_IN_TABLE
INEA,WEBLAKES_CONCENTRATION_WITH_WIND,70,"VR - Retiro",18,PM10,2024-07-23T08:00:00,45.284581,µg/m³,1.187649,220.181250,,true,NO_EXPLICIT_QAQC_IN_TABLE
INEA,WEBLAKES_CONCENTRATION_WITH_WIND,70,"VR - Retiro",18,PM10,2024-07-23T09:00:00,81.652252,µg/m³,1.515444,226.133839,,true,NO_EXPLICIT_QAQC_IN_TABLE
INEA,WEBLAKES_CONCENTRATION_WITH_WIND,70,"VR - Retiro",18,PM10,2024-07-23T10:00:00,66.530043,µg/m³,1.160612,262.084147,,true,NO_EXPLICIT_QAQC_IN_TABLE
INEA,WEBLAKES_CONCENTRATION_WITH_WIND,70,"VR - Retiro",18,PM10,2024-07-23T11:00:00,81.117264,µg/m³,1.335342,184.268012,,true,NO_EXPLICIT_QAQC_IN_TABLE
INEA,WEBLAKES_CONCENTRATION_WITH_WIND,70,"VR - Retiro",18,PM10,2024-07-23T12:00:00,103.452051,µg/m³,1.293819,264.021779,,true,NO_EXPLICIT_QAQC_IN_TABLE
INEA,WEBLAKES_CONCENTRATION_WITH_WIND,70,"VR - Retiro",18,PM10,2024-07-23T13:00:00,101.219260,µg/m³,1.410699,88.759951,,true,NO_EXPLICIT_QAQC_IN_TABLE
INEA,WEBLAKES_CONCENTRATION_WITH_WIND,70,"VR - Retiro",18,PM10,2024-07-23T14:00:00,77.515253,µg/m³,1.441113,101.501588,,true,NO_EXPLICIT_QAQC_IN_TABLE
INEA,WEBLAKES_CONCENTRATION_WITH_WIND,70,"VR - Retiro",18,PM10,2024-07-23T15:00:00,48.006625,µg/m³,1.808069,113.994595,,true,NO_EXPLICIT_QAQC_IN_TABLE
INEA,WEBLAKES_CONCENTRATION_WITH_WIND,70,"VR - Retiro",18,PM10,2024-07-23T16:00:00,29.968429,µg/m³,1.683435,108.201790,,true,NO_EXPLICIT_QAQC_IN_TABLE
INEA,WEBLAKES_CONCENTRATION_WITH_WIND,70,"VR - Retiro",18,PM10,2024-07-23T17:00:00,78.728099,µg/m³,1.453805,109.985469,,true,NO_EXPLICIT_QAQC_IN_TABLE
INEA,WEBLAKES_CONCENTRATION_WITH_WIND,70,"VR - Retiro",18,PM10,2024-07-23T18:00:00,73.649329,µg/m³,1.206469,88.861933,,true,NO_EXPLICIT_QAQC_IN_TABLE
INEA,WEBLAKES_CONCENTRATION_WITH_WIND,70,"VR - Retiro",18,PM10,2024-07-23T19:00:00,63.049512,µg/m³,1.292086,24.759280,,true,NO_EXPLICIT_QAQC_IN_TABLE
INEA,WEBLAKES_CONCENTRATION_WITH_WIND,70,"VR - Retiro",18,PM10,2024-07-23T20:00:00,62.917701,µg/m³,1.761479,52.118765,,true,NO_EXPLICIT_QAQC_IN_TABLE
INEA,WEBLAKES_CONCENTRATION_WITH_WIND,70,"VR - Retiro",18,PM10,2024-07-23T21:00:00,66.968935,µg/m³,1.567819,333.691434,,true,NO_EXPLICIT_QAQC_IN_TABLE
INEA,WEBLAKES_CONCENTRATION_WITH_WIND,70,"VR - Retiro",18,PM10,2024-07-23T22:00:00,44.000143,µg/m³,1.590984,323.057304,,true,NO_EXPLICIT_QAQC_IN_TABLE
INEA,WEBLAKES_CONCENTRATION_WITH_WIND,70,"VR - Retiro",18,PM10,2024-07-23T23:00:00,34.081719,µg/m³,1.381052,325.370297,,true,NO_EXPLICIT_QAQC_IN_TABLE
INEA,WEBLAKES_CONCENTRATION_WITH_WIND,70,"VR - Retiro",18,PM10,2024-07-24T00:00:00,32.398468,µg/m³,1.253971,326.559336,,true,NO_EXPLICIT_QAQC_IN_TABLE
INEA,WEBLAKES_CONCENTRATION_WITH_WIND,70,"VR - Retiro",18,PM10,2024-07-24T01:00:00,27.708234,µg/m³,1.251556,325.823117,,true,NO_EXPLICIT_QAQC_IN_TABLE
INEA,WEBLAKES_CONCENTRATION_WITH_WIND,70,"VR - Retiro",18,PM10,2024-07-24T02:00:00,27.898940,µg/m³,1.184653,325.879809,,true,NO_EXPLICIT_QAQC_IN_TABLE
INEA,WEBLAKES_CONCENTRATION_WITH_WIND,70,"VR - Retiro",18,PM10,2024-07-24T03:00:00,27.301019,µg/m³,1.102262,325.693134,,true,NO_EXPLICIT_QAQC_IN_TABLE
INEA,WEBLAKES_CONCENTRATION_WITH_WIND,70,"VR - Retiro",18,PM10,2024-07-24T04:00:00,24.211850,µg/m³,1.138775,325.509876,,true,NO_EXPLICIT_QAQC_IN_TABLE
INEA,WEBLAKES_CONCENTRATION_WITH_WIND,70,"VR - Retiro",18,PM10,2024-07-24T05:00:00,40.174260,µg/m³,1.229824,323.681692,,true,NO_EXPLICIT_QAQC_IN_TABLE
INEA,WEBLAKES_CONCENTRATION_WITH_WIND,70,"VR - Retiro",18,PM10,2024-07-24T06:00:00,46.123679,µg/m³,0.913667,320.567054,,true,NO_EXPLICIT_QAQC_IN_TABLE
INEA,WEBLAKES_CONCENTRATION_WITH_WIND,70,"VR - Retiro",18,PM10,2024-07-24T07:00:00,60.435389,µg/m³,0.519906,326.663478,,true,NO_EXPLICIT_QAQC_IN_TABLE
INEA,WEBLAKES_CONCENTRATION_WITH_WIND,70,"VR - Retiro",18,PM10,2024-07-24T08:00:00,89.176530,µg/m³,0.852129,34.577266,,true,NO_EXPLICIT_QAQC_IN_TABLE
INEA,WEBLAKES_CONCENTRATION_WITH_WIND,70,"VR - Retiro",18,PM10,2024-07-24T09:00:00,39.165851,µg/m³,0.874776,41.852505,,true,NO_EXPLICIT_QAQC_IN_TABLE
INEA,WEBLAKES_CONCENTRATION_WITH_WIND,70,"VR - Retiro",18,PM10,2024-07-24T10:00:00,138.243209,µg/m³,1.195234,209.884005,,true,NO_EXPLICIT_QAQC_IN_TABLE
INEA,WEBLAKES_CONCENTRATION_WITH_WIND,70,"VR - Retiro",18,PM10,2024-07-24T11:00:00,177.713028,µg/m³,1.407527,171.420803,,true,NO_EXPLICIT_QAQC_IN_TABLE
INEA,WEBLAKES_CONCENTRATION_WITH_WIND,70,"VR - Retiro",18,PM10,2024-07-24T12:00:00,53.580185,µg/m³,1.630581,93.744801,,true,NO_EXPLICIT_QAQC_IN_TABLE
INEA,WEBLAKES_CONCENTRATION_WITH_WIND,70,"VR - Retiro",18,PM10,2024-07-24T13:00:00,7.856632,µg/m³,1.831060,127.777726,,true,NO_EXPLICIT_QAQC_IN_TABLE
INEA,WEBLAKES_CONCENTRATION_WITH_WIND,70,"VR - Retiro",18,PM10,2024-07-24T14:00:00,19.684605,µg/m³,1.728981,93.446466,,true,NO_EXPLICIT_QAQC_IN_TABLE
INEA,WEBLAKES_CONCENTRATION_WITH_WIND,70,"VR - Retiro",18,PM10,2024-07-24T15:00:00,20.893527,µg/m³,1.588757,92.632529,,true,NO_EXPLICIT_QAQC_IN_TABLE
INEA,WEBLAKES_CONCENTRATION_WITH_WIND,70,"VR - Retiro",18,PM10,2024-07-24T16:00:00,26.231111,µg/m³,1.726826,83.607422,,true,NO_EXPLICIT_QAQC_IN_TABLE
INEA,WEBLAKES_CONCENTRATION_WITH_WIND,70,"VR - Retiro",18,PM10,2024-07-24T17:00:00,83.989621,µg/m³,1.740737,115.049476,,true,NO_EXPLICIT_QAQC_IN_TABLE
INEA,WEBLAKES_CONCENTRATION_WITH_WIND,70,"VR - Retiro",18,PM10,2024-07-24T18:00:00,100.018957,µg/m³,1.117804,78.202480,,true,NO_EXPLICIT_QAQC_IN_TABLE
INEA,WEBLAKES_CONCENTRATION_WITH_WIND,70,"VR - Retiro",18,PM10,2024-07-24T19:00:00,70.317759,µg/m³,1.079513,357.573798,,true,NO_EXPLICIT_QAQC_IN_TABLE
INEA,WEBLAKES_CONCENTRATION_WITH_WIND,70,"VR - Retiro",18,PM10,2024-07-24T20:00:00,56.222839,µg/m³,1.375366,325.958482,,true,NO_EXPLICIT_QAQC_IN_TABLE
INEA,WEBLAKES_CONCENTRATION_WITH_WIND,70,"VR - Retiro",18,PM10,2024-07-24T21:00:00,48.189662,µg/m³,1.471794,324.499554,,true,NO_EXPLICIT_QAQC_IN_TABLE
INEA,WEBLAKES_CONCENTRATION_WITH_WIND,70,"VR - Retiro",18,PM10,2024-07-24T22:00:00,42.481982,µg/m³,1.511358,325.373093,,true,NO_EXPLICIT_QAQC_IN_TABLE
INEA,WEBLAKES_CONCENTRATION_WITH_WIND,70,"VR - Retiro",18,PM10,2024-07-24T23:00:00,37.538177,µg/m³,1.579461,326.637592,,true,NO_EXPLICIT_QAQC_IN_TABLE
INEA,WEBLAKES_CONCENTRATION_WITH_WIND,71,"VR - Santa Cecília",18,PM10,2024-07-17T00:00:00,18.075968,µg/m³,2.705120,141.463183,,true,NO_EXPLICIT_QAQC_IN_TABLE
INEA,WEBLAKES_CONCENTRATION_WITH_WIND,71,"VR - Santa Cecília",18,PM10,2024-07-17T01:00:00,17.839161,µg/m³,1.371156,162.832821,,true,NO_EXPLICIT_QAQC_IN_TABLE
INEA,WEBLAKES_CONCENTRATION_WITH_WIND,71,"VR - Santa Cecília",18,PM10,2024-07-17T02:00:00,19.552749,µg/m³,1.279839,181.961586,,true,NO_EXPLICIT_QAQC_IN_TABLE
INEA,WEBLAKES_CONCENTRATION_WITH_WIND,71,"VR - Santa Cecília",18,PM10,2024-07-17T03:00:00,19.097807,µg/m³,1.558170,154.465138,,true,NO_EXPLICIT_QAQC_IN_TABLE
INEA,WEBLAKES_CONCENTRATION_WITH_WIND,71,"VR - Santa Cecília",18,PM10,2024-07-17T04:00:00,17.942362,µg/m³,1.819461,172.614730,,true,NO_EXPLICIT_QAQC_IN_TABLE
INEA,WEBLAKES_CONCENTRATION_WITH_WIND,71,"VR - Santa Cecília",18,PM10,2024-07-17T05:00:00,15.219965,µg/m³,1.693546,149.982512,,true,NO_EXPLICIT_QAQC_IN_TABLE
INEA,WEBLAKES_CONCENTRATION_WITH_WIND,71,"VR - Santa Cecília",18,PM10,2024-07-17T06:00:00,17.980262,µg/m³,1.505277,182.372108,,true,NO_EXPLICIT_QAQC_IN_TABLE
INEA,WEBLAKES_CONCENTRATION_WITH_WIND,71,"VR - Santa Cecília",18,PM10,2024-07-17T07:00:00,23.191299,µg/m³,1.757371,156.276593,,true,NO_EXPLICIT_QAQC_IN_TABLE
INEA,WEBLAKES_CONCENTRATION_WITH_WIND,71,"VR - Santa Cecília",18,PM10,2024-07-17T08:00:00,18.533570,µg/m³,1.358346,137.271929,,true,NO_EXPLICIT_QAQC_IN_TABLE
INEA,WEBLAKES_CONCENTRATION_WITH_WIND,71,"VR - Santa Cecília",18,PM10,2024-07-17T09:00:00,18.064956,µg/m³,2.192323,194.059813,,true,NO_EXPLICIT_QAQC_IN_TABLE
INEA,WEBLAKES_CONCENTRATION_WITH_WIND,71,"VR - Santa Cecília",18,PM10,2024-07-17T10:00:00,21.687779,µg/m³,2.198837,252.252861,,true,NO_EXPLICIT_QAQC_IN_TABLE
INEA,WEBLAKES_CONCENTRATION_WITH_WIND,71,"VR - Santa Cecília",18,PM10,2024-07-17T11:00:00,25.864300,µg/m³,2.238022,235.799016,,true,NO_EXPLICIT_QAQC_IN_TABLE
INEA,WEBLAKES_CONCENTRATION_WITH_WIND,71,"VR - Santa Cecília",18,PM10,2024-07-17T12:00:00,24.111929,µg/m³,2.661321,242.593690,,true,NO_EXPLICIT_QAQC_IN_TABLE
INEA,WEBLAKES_CONCENTRATION_WITH_WIND,71,"VR - Santa Cecília",18,PM10,2024-07-17T13:00:00,30.979238,µg/m³,2.622711,163.569576,,true,NO_EXPLICIT_QAQC_IN_TABLE
INEA,WEBLAKES_CONCENTRATION_WITH_WIND,71,"VR - Santa Cecília",18,PM10,2024-07-17T14:00:00,31.069788,µg/m³,2.427856,144.734189,,true,NO_EXPLICIT_QAQC_IN_TABLE
INEA,WEBLAKES_CONCENTRATION_WITH_WIND,71,"VR - Santa Cecília",18,PM10,2024-07-17T15:00:00,53.884259,µg/m³,2.845459,137.253958,,true,NO_EXPLICIT_QAQC_IN_TABLE
INEA,WEBLAKES_CONCENTRATION_WITH_WIND,71,"VR - Santa Cecília",18,PM10,2024-07-17T16:00:00,47.831944,µg/m³,2.347404,142.378423,,true,NO_EXPLICIT_QAQC_IN_TABLE
INEA,WEBLAKES_CONCENTRATION_WITH_WIND,71,"VR - Santa Cecília",18,PM10,2024-07-17T17:00:00,42.399295,µg/m³,1.766933,188.027017,,true,NO_EXPLICIT_QAQC_IN_TABLE
INEA,WEBLAKES_CONCENTRATION_WITH_WIND,71,"VR - Santa Cecília",18,PM10,2024-07-17T18:00:00,37.693283,µg/m³,2.280195,167.546210,,true,NO_EXPLICIT_QAQC_IN_TABLE
INEA,WEBLAKES_CONCENTRATION_WITH_WIND,71,"VR - Santa Cecília",18,PM10,2024-07-17T19:00:00,27.025844,µg/m³,2.185917,161.625329,,true,NO_EXPLICIT_QAQC_IN_TABLE
INEA,WEBLAKES_CONCENTRATION_WITH_WIND,71,"VR - Santa Cecília",18,PM10,2024-07-17T20:00:00,19.945140,µg/m³,1.934310,149.809252,,true,NO_EXPLICIT_QAQC_IN_TABLE
INEA,WEBLAKES_CONCENTRATION_WITH_WIND,71,"VR - Santa Cecília",18,PM10,2024-07-17T21:00:00,19.264925,µg/m³,1.483557,160.425430,,true,NO_EXPLICIT_QAQC_IN_TABLE
INEA,WEBLAKES_CONCENTRATION_WITH_WIND,71,"VR - Santa Cecília",18,PM10,2024-07-17T22:00:00,17.183456,µg/m³,1.395265,175.084445,,true,NO_EXPLICIT_QAQC_IN_TABLE
INEA,WEBLAKES_CONCENTRATION_WITH_WIND,71,"VR - Santa Cecília",18,PM10,2024-07-17T23:00:00,12.371278,µg/m³,1.308476,171.225010,,true,NO_EXPLICIT_QAQC_IN_TABLE
INEA,WEBLAKES_CONCENTRATION_WITH_WIND,71,"VR - Santa Cecília",18,PM10,2024-07-18T00:00:00,9.623682,µg/m³,1.557373,158.696855,,true,NO_EXPLICIT_QAQC_IN_TABLE
INEA,WEBLAKES_CONCENTRATION_WITH_WIND,71,"VR - Santa Cecília",18,PM10,2024-07-18T01:00:00,15.316255,µg/m³,1.522632,163.684330,,true,NO_EXPLICIT_QAQC_IN_TABLE
INEA,WEBLAKES_CONCENTRATION_WITH_WIND,71,"VR - Santa Cecília",18,PM10,2024-07-18T02:00:00,19.565104,µg/m³,1.192171,154.789859,,true,NO_EXPLICIT_QAQC_IN_TABLE
INEA,WEBLAKES_CONCENTRATION_WITH_WIND,71,"VR - Santa Cecília",18,PM10,2024-07-18T03:00:00,21.175273,µg/m³,1.340527,148.301601,,true,NO_EXPLICIT_QAQC_IN_TABLE
INEA,WEBLAKES_CONCENTRATION_WITH_WIND,71,"VR - Santa Cecília",18,PM10,2024-07-18T04:00:00,30.412298,µg/m³,1.279437,185.961480,,true,NO_EXPLICIT_QAQC_IN_TABLE
INEA,WEBLAKES_CONCENTRATION_WITH_WIND,71,"VR - Santa Cecília",18,PM10,2024-07-18T05:00:00,25.425256,µg/m³,1.175513,182.004030,,true,NO_EXPLICIT_QAQC_IN_TABLE
INEA,WEBLAKES_CONCENTRATION_WITH_WIND,71,"VR - Santa Cecília",18,PM10,2024-07-18T06:00:00,21.883632,µg/m³,1.309870,169.235658,,true,NO_EXPLICIT_QAQC_IN_TABLE
INEA,WEBLAKES_CONCENTRATION_WITH_WIND,71,"VR - Santa Cecília",18,PM10,2024-07-18T07:00:00,32.470105,µg/m³,1.273232,157.692599,,true,NO_EXPLICIT_QAQC_IN_TABLE
INEA,WEBLAKES_CONCENTRATION_WITH_WIND,71,"VR - Santa Cecília",18,PM10,2024-07-18T08:00:00,39.012102,µg/m³,1.595240,245.668440,,true,NO_EXPLICIT_QAQC_IN_TABLE
INEA,WEBLAKES_CONCENTRATION_WITH_WIND,71,"VR - Santa Cecília",18,PM10,2024-07-18T09:00:00,48.878211,µg/m³,1.714372,243.644550,,true,NO_EXPLICIT_QAQC_IN_TABLE
INEA,WEBLAKES_CONCENTRATION_WITH_WIND,71,"VR - Santa Cecília",18,PM10,2024-07-18T10:00:00,39.571016,µg/m³,2.476128,205.981536,,true,NO_EXPLICIT_QAQC_IN_TABLE
INEA,WEBLAKES_CONCENTRATION_WITH_WIND,71,"VR - Santa Cecília",18,PM10,2024-07-18T11:00:00,26.077709,µg/m³,2.698005,234.308063,,true,NO_EXPLICIT_QAQC_IN_TABLE
INEA,WEBLAKES_CONCENTRATION_WITH_WIND,71,"VR - Santa Cecília",18,PM10,2024-07-18T12:00:00,46.691815,µg/m³,2.666159,87.028774,,true,NO_EXPLICIT_QAQC_IN_TABLE
INEA,WEBLAKES_CONCENTRATION_WITH_WIND,71,"VR - Santa Cecília",18,PM10,2024-07-18T13:00:00,5.563968,µg/m³,2.947289,296.595040,,true,NO_EXPLICIT_QAQC_IN_TABLE
INEA,WEBLAKES_CONCENTRATION_WITH_WIND,71,"VR - Santa Cecília",18,PM10,2024-07-18T14:00:00,29.364076,µg/m³,5.042797,146.744464,,true,NO_EXPLICIT_QAQC_IN_TABLE
INEA,WEBLAKES_CONCENTRATION_WITH_WIND,71,"VR - Santa Cecília",18,PM10,2024-07-18T15:00:00,44.199146,µg/m³,8.295955,128.633322,,true,NO_EXPLICIT_QAQC_IN_TABLE
INEA,WEBLAKES_CONCENTRATION_WITH_WIND,71,"VR - Santa Cecília",18,PM10,2024-07-18T16:00:00,39.230899,µg/m³,7.708167,130.237501,,true,NO_EXPLICIT_QAQC_IN_TABLE
INEA,WEBLAKES_CONCENTRATION_WITH_WIND,71,"VR - Santa Cecília",18,PM10,2024-07-18T17:00:00,37.528521,µg/m³,7.911180,128.319575,,true,NO_EXPLICIT_QAQC_IN_TABLE
INEA,WEBLAKES_CONCENTRATION_WITH_WIND,71,"VR - Santa Cecília",18,PM10,2024-07-18T18:00:00,22.944117,µg/m³,5.550927,116.227931,,true,NO_EXPLICIT_QAQC_IN_TABLE
INEA,WEBLAKES_CONCENTRATION_WITH_WIND,71,"VR - Santa Cecília",18,PM10,2024-07-18T19:00:00,16.010163,µg/m³,4.282592,104.476475,,true,NO_EXPLICIT_QAQC_IN_TABLE
INEA,WEBLAKES_CONCENTRATION_WITH_WIND,71,"VR - Santa Cecília",18,PM10,2024-07-18T20:00:00,15.886140,µg/m³,4.425080,103.369172,,true,NO_EXPLICIT_QAQC_IN_TABLE
INEA,WEBLAKES_CONCENTRATION_WITH_WIND,71,"VR - Santa Cecília",18,PM10,2024-07-18T21:00:00,16.740956,µg/m³,3.563593,118.512180,,true,NO_EXPLICIT_QAQC_IN_TABLE
INEA,WEBLAKES_CONCENTRATION_WITH_WIND,71,"VR - Santa Cecília",18,PM10,2024-07-18T22:00:00,16.104538,µg/m³,3.050875,116.350338,,true,NO_EXPLICIT_QAQC_IN_TABLE
INEA,WEBLAKES_CONCENTRATION_WITH_WIND,71,"VR - Santa Cecília",18,PM10,2024-07-18T23:00:00,11.671670,µg/m³,2.997071,124.205123,,true,NO_EXPLICIT_QAQC_IN_TABLE
INEA,WEBLAKES_CONCENTRATION_WITH_WIND,71,"VR - Santa Cecília",18,PM10,2024-07-19T00:00:00,8.609176,µg/m³,2.991827,133.322681,,true,NO_EXPLICIT_QAQC_IN_TABLE
INEA,WEBLAKES_CONCENTRATION_WITH_WIND,71,"VR - Santa Cecília",18,PM10,2024-07-19T01:00:00,7.208757,µg/m³,2.206026,147.374719,,true,NO_EXPLICIT_QAQC_IN_TABLE
INEA,WEBLAKES_CONCENTRATION_WITH_WIND,71,"VR - Santa Cecília",18,PM10,2024-07-19T02:00:00,7.077403,µg/m³,2.615253,138.172179,,true,NO_EXPLICIT_QAQC_IN_TABLE
INEA,WEBLAKES_CONCENTRATION_WITH_WIND,71,"VR - Santa Cecília",18,PM10,2024-07-19T03:00:00,8.739750,µg/m³,2.033236,134.629636,,true,NO_EXPLICIT_QAQC_IN_TABLE
INEA,WEBLAKES_CONCENTRATION_WITH_WIND,71,"VR - Santa Cecília",18,PM10,2024-07-19T04:00:00,9.464966,µg/m³,3.348479,131.803535,,true,NO_EXPLICIT_QAQC_IN_TABLE
INEA,WEBLAKES_CONCENTRATION_WITH_WIND,71,"VR - Santa Cecília",18,PM10,2024-07-19T05:00:00,11.682323,µg/m³,2.716329,136.290207,,true,NO_EXPLICIT_QAQC_IN_TABLE
INEA,WEBLAKES_CONCENTRATION_WITH_WIND,71,"VR - Santa Cecília",18,PM10,2024-07-19T06:00:00,12.620023,µg/m³,2.560983,133.248239,,true,NO_EXPLICIT_QAQC_IN_TABLE
INEA,WEBLAKES_CONCENTRATION_WITH_WIND,71,"VR - Santa Cecília",18,PM10,2024-07-19T07:00:00,12.604689,µg/m³,2.356178,134.364173,,true,NO_EXPLICIT_QAQC_IN_TABLE
INEA,WEBLAKES_CONCENTRATION_WITH_WIND,71,"VR - Santa Cecília",18,PM10,2024-07-19T08:00:00,11.455304,µg/m³,2.886843,142.741662,,true,NO_EXPLICIT_QAQC_IN_TABLE
INEA,WEBLAKES_CONCENTRATION_WITH_WIND,71,"VR - Santa Cecília",18,PM10,2024-07-19T09:00:00,7.939416,µg/m³,2.575367,125.183737,,true,NO_EXPLICIT_QAQC_IN_TABLE
INEA,WEBLAKES_CONCENTRATION_WITH_WIND,71,"VR - Santa Cecília",18,PM10,2024-07-19T10:00:00,5.979127,µg/m³,2.094051,123.374701,,true,NO_EXPLICIT_QAQC_IN_TABLE
INEA,WEBLAKES_CONCENTRATION_WITH_WIND,71,"VR - Santa Cecília",18,PM10,2024-07-19T11:00:00,0.000000,µg/m³,2.170666,136.127388,,true,ZERO_VALUE_REVIEW
INEA,WEBLAKES_CONCENTRATION_WITH_WIND,71,"VR - Santa Cecília",18,PM10,2024-07-19T12:00:00,12.938161,µg/m³,1.985075,130.834372,,true,NO_EXPLICIT_QAQC_IN_TABLE
INEA,WEBLAKES_CONCENTRATION_WITH_WIND,71,"VR - Santa Cecília",18,PM10,2024-07-19T13:00:00,8.447750,µg/m³,2.623228,102.674149,,true,NO_EXPLICIT_QAQC_IN_TABLE
INEA,WEBLAKES_CONCENTRATION_WITH_WIND,71,"VR - Santa Cecília",18,PM10,2024-07-19T14:00:00,12.721090,µg/m³,3.315427,134.359193,,true,NO_EXPLICIT_QAQC_IN_TABLE
INEA,WEBLAKES_CONCENTRATION_WITH_WIND,71,"VR - Santa Cecília",18,PM10,2024-07-19T15:00:00,21.629800,µg/m³,5.366410,127.171778,,true,NO_EXPLICIT_QAQC_IN_TABLE
INEA,WEBLAKES_CONCENTRATION_WITH_WIND,71,"VR - Santa Cecília",18,PM10,2024-07-19T16:00:00,28.431851,µg/m³,5.889168,136.238993,,true,NO_EXPLICIT_QAQC_IN_TABLE
INEA,WEBLAKES_CONCENTRATION_WITH_WIND,71,"VR - Santa Cecília",18,PM10,2024-07-19T17:00:00,26.902595,µg/m³,4.289617,141.060164,,true,NO_EXPLICIT_QAQC_IN_TABLE
INEA,WEBLAKES_CONCENTRATION_WITH_WIND,71,"VR - Santa Cecília",18,PM10,2024-07-19T18:00:00,22.730699,µg/m³,3.082833,138.453600,,true,NO_EXPLICIT_QAQC_IN_TABLE
INEA,WEBLAKES_CONCENTRATION_WITH_WIND,71,"VR - Santa Cecília",18,PM10,2024-07-19T19:00:00,25.116852,µg/m³,2.952582,127.806890,,true,NO_EXPLICIT_QAQC_IN_TABLE
INEA,WEBLAKES_CONCENTRATION_WITH_WIND,71,"VR - Santa Cecília",18,PM10,2024-07-19T20:00:00,19.881658,µg/m³,2.230003,153.597744,,true,NO_EXPLICIT_QAQC_IN_TABLE
INEA,WEBLAKES_CONCENTRATION_WITH_WIND,71,"VR - Santa Cecília",18,PM10,2024-07-19T21:00:00,15.247278,µg/m³,1.506994,173.486402,,true,NO_EXPLICIT_QAQC_IN_TABLE
INEA,WEBLAKES_CONCENTRATION_WITH_WIND,71,"VR - Santa Cecília",18,PM10,2024-07-19T22:00:00,13.838450,µg/m³,1.148229,168.991904,,true,NO_EXPLICIT_QAQC_IN_TABLE
INEA,WEBLAKES_CONCENTRATION_WITH_WIND,71,"VR - Santa Cecília",18,PM10,2024-07-19T23:00:00,7.430246,µg/m³,1.507182,169.757335,,true,NO_EXPLICIT_QAQC_IN_TABLE
INEA,WEBLAKES_CONCENTRATION_WITH_WIND,71,"VR - Santa Cecília",18,PM10,2024-07-20T00:00:00,8.549961,µg/m³,2.021452,156.923993,,true,NO_EXPLICIT_QAQC_IN_TABLE
INEA,WEBLAKES_CONCENTRATION_WITH_WIND,71,"VR - Santa Cecília",18,PM10,2024-07-20T01:00:00,12.520249,µg/m³,1.562807,166.515799,,true,NO_EXPLICIT_QAQC_IN_TABLE
INEA,WEBLAKES_CONCENTRATION_WITH_WIND,71,"VR - Santa Cecília",18,PM10,2024-07-20T02:00:00,19.098481,µg/m³,1.689076,161.919536,,true,NO_EXPLICIT_QAQC_IN_TABLE
INEA,WEBLAKES_CONCENTRATION_WITH_WIND,71,"VR - Santa Cecília",18,PM10,2024-07-20T03:00:00,19.124043,µg/m³,1.172921,156.996098,,true,NO_EXPLICIT_QAQC_IN_TABLE
INEA,WEBLAKES_CONCENTRATION_WITH_WIND,71,"VR - Santa Cecília",18,PM10,2024-07-20T04:00:00,13.256262,µg/m³,1.450035,100.855193,,true,NO_EXPLICIT_QAQC_IN_TABLE
INEA,WEBLAKES_CONCENTRATION_WITH_WIND,71,"VR - Santa Cecília",18,PM10,2024-07-20T05:00:00,21.824736,µg/m³,1.753816,244.036341,,true,NO_EXPLICIT_QAQC_IN_TABLE
INEA,WEBLAKES_CONCENTRATION_WITH_WIND,71,"VR - Santa Cecília",18,PM10,2024-07-20T06:00:00,19.963979,µg/m³,1.407898,185.430694,,true,NO_EXPLICIT_QAQC_IN_TABLE
INEA,WEBLAKES_CONCENTRATION_WITH_WIND,71,"VR - Santa Cecília",18,PM10,2024-07-20T07:00:00,15.732495,µg/m³,2.172628,158.134520,,true,NO_EXPLICIT_QAQC_IN_TABLE
INEA,WEBLAKES_CONCENTRATION_WITH_WIND,71,"VR - Santa Cecília",18,PM10,2024-07-20T08:00:00,19.954556,µg/m³,2.400423,145.010517,,true,NO_EXPLICIT_QAQC_IN_TABLE
INEA,WEBLAKES_CONCENTRATION_WITH_WIND,71,"VR - Santa Cecília",18,PM10,2024-07-20T09:00:00,21.036764,µg/m³,1.725967,132.529042,,true,NO_EXPLICIT_QAQC_IN_TABLE
INEA,WEBLAKES_CONCENTRATION_WITH_WIND,71,"VR - Santa Cecília",18,PM10,2024-07-20T10:00:00,41.916053,µg/m³,2.907912,220.036655,,true,NO_EXPLICIT_QAQC_IN_TABLE
INEA,WEBLAKES_CONCENTRATION_WITH_WIND,71,"VR - Santa Cecília",18,PM10,2024-07-20T11:00:00,45.667648,µg/m³,2.040506,214.818967,,true,NO_EXPLICIT_QAQC_IN_TABLE
INEA,WEBLAKES_CONCENTRATION_WITH_WIND,71,"VR - Santa Cecília",18,PM10,2024-07-20T12:00:00,45.480215,µg/m³,2.628257,214.391575,,true,NO_EXPLICIT_QAQC_IN_TABLE
INEA,WEBLAKES_CONCENTRATION_WITH_WIND,71,"VR - Santa Cecília",18,PM10,2024-07-20T13:00:00,38.591788,µg/m³,3.116380,278.927695,,true,NO_EXPLICIT_QAQC_IN_TABLE
INEA,WEBLAKES_CONCENTRATION_WITH_WIND,71,"VR - Santa Cecília",18,PM10,2024-07-20T14:00:00,36.148236,µg/m³,2.305498,317.666800,,true,NO_EXPLICIT_QAQC_IN_TABLE
INEA,WEBLAKES_CONCENTRATION_WITH_WIND,71,"VR - Santa Cecília",18,PM10,2024-07-20T15:00:00,23.991738,µg/m³,1.976701,126.336728,,true,NO_EXPLICIT_QAQC_IN_TABLE
INEA,WEBLAKES_CONCENTRATION_WITH_WIND,71,"VR - Santa Cecília",18,PM10,2024-07-20T16:00:00,13.879076,µg/m³,3.062843,160.258184,,true,NO_EXPLICIT_QAQC_IN_TABLE
INEA,WEBLAKES_CONCENTRATION_WITH_WIND,71,"VR - Santa Cecília",18,PM10,2024-07-20T17:00:00,31.745033,µg/m³,2.937905,141.644212,,true,NO_EXPLICIT_QAQC_IN_TABLE
INEA,WEBLAKES_CONCENTRATION_WITH_WIND,71,"VR - Santa Cecília",18,PM10,2024-07-20T18:00:00,31.842634,µg/m³,1.639133,144.547746,,true,NO_EXPLICIT_QAQC_IN_TABLE
INEA,WEBLAKES_CONCENTRATION_WITH_WIND,71,"VR - Santa Cecília",18,PM10,2024-07-20T19:00:00,33.162844,µg/m³,1.886411,159.570028,,true,NO_EXPLICIT_QAQC_IN_TABLE
INEA,WEBLAKES_CONCENTRATION_WITH_WIND,71,"VR - Santa Cecília",18,PM10,2024-07-20T20:00:00,29.462112,µg/m³,1.909307,147.310024,,true,NO_EXPLICIT_QAQC_IN_TABLE
INEA,WEBLAKES_CONCENTRATION_WITH_WIND,71,"VR - Santa Cecília",18,PM10,2024-07-20T21:00:00,32.310912,µg/m³,2.167384,144.999961,,true,NO_EXPLICIT_QAQC_IN_TABLE
INEA,WEBLAKES_CONCENTRATION_WITH_WIND,71,"VR - Santa Cecília",18,PM10,2024-07-20T22:00:00,31.037245,µg/m³,2.045503,128.065369,,true,NO_EXPLICIT_QAQC_IN_TABLE
INEA,WEBLAKES_CONCENTRATION_WITH_WIND,71,"VR - Santa Cecília",18,PM10,2024-07-20T23:00:00,22.645710,µg/m³,1.420639,181.413693,,true,NO_EXPLICIT_QAQC_IN_TABLE
INEA,WEBLAKES_CONCENTRATION_WITH_WIND,71,"VR - Santa Cecília",18,PM10,2024-07-21T00:00:00,13.134419,µg/m³,1.406740,182.154313,,true,NO_EXPLICIT_QAQC_IN_TABLE
INEA,WEBLAKES_CONCENTRATION_WITH_WIND,71,"VR - Santa Cecília",18,PM10,2024-07-21T01:00:00,12.046751,µg/m³,1.424216,181.991549,,true,NO_EXPLICIT_QAQC_IN_TABLE
INEA,WEBLAKES_CONCENTRATION_WITH_WIND,71,"VR - Santa Cecília",18,PM10,2024-07-21T02:00:00,12.919471,µg/m³,1.299004,191.085252,,true,NO_EXPLICIT_QAQC_IN_TABLE
INEA,WEBLAKES_CONCENTRATION_WITH_WIND,71,"VR - Santa Cecília",18,PM10,2024-07-21T03:00:00,26.500532,µg/m³,1.400843,180.123869,,true,NO_EXPLICIT_QAQC_IN_TABLE
INEA,WEBLAKES_CONCENTRATION_WITH_WIND,71,"VR - Santa Cecília",18,PM10,2024-07-21T04:00:00,14.873602,µg/m³,1.276401,189.527228,,true,NO_EXPLICIT_QAQC_IN_TABLE
INEA,WEBLAKES_CONCENTRATION_WITH_WIND,71,"VR - Santa Cecília",18,PM10,2024-07-21T05:00:00,9.750884,µg/m³,1.085018,193.788790,,true,NO_EXPLICIT_QAQC_IN_TABLE
INEA,WEBLAKES_CONCENTRATION_WITH_WIND,71,"VR - Santa Cecília",18,PM10,2024-07-21T06:00:00,19.180297,µg/m³,1.116824,165.204630,,true,NO_EXPLICIT_QAQC_IN_TABLE
INEA,WEBLAKES_CONCENTRATION_WITH_WIND,71,"VR - Santa Cecília",18,PM10,2024-07-21T07:00:00,27.206978,µg/m³,1.645857,168.580260,,true,NO_EXPLICIT_QAQC_IN_TABLE
INEA,WEBLAKES_CONCENTRATION_WITH_WIND,71,"VR - Santa Cecília",18,PM10,2024-07-21T08:00:00,58.226069,µg/m³,1.564015,213.310790,,true,NO_EXPLICIT_QAQC_IN_TABLE
INEA,WEBLAKES_CONCENTRATION_WITH_WIND,71,"VR - Santa Cecília",18,PM10,2024-07-21T09:00:00,63.100437,µg/m³,2.129095,248.914616,,true,NO_EXPLICIT_QAQC_IN_TABLE
INEA,WEBLAKES_CONCENTRATION_WITH_WIND,71,"VR - Santa Cecília",18,PM10,2024-07-21T10:00:00,63.614780,µg/m³,2.589899,274.624149,,true,NO_EXPLICIT_QAQC_IN_TABLE
INEA,WEBLAKES_CONCENTRATION_WITH_WIND,71,"VR - Santa Cecília",18,PM10,2024-07-21T11:00:00,64.002882,µg/m³,2.242255,256.676646,,true,NO_EXPLICIT_QAQC_IN_TABLE
INEA,WEBLAKES_CONCENTRATION_WITH_WIND,71,"VR - Santa Cecília",18,PM10,2024-07-21T12:00:00,30.309719,µg/m³,1.841912,151.964958,,true,NO_EXPLICIT_QAQC_IN_TABLE
INEA,WEBLAKES_CONCENTRATION_WITH_WIND,71,"VR - Santa Cecília",18,PM10,2024-07-21T13:00:00,25.748667,µg/m³,2.498276,188.010395,,true,NO_EXPLICIT_QAQC_IN_TABLE
INEA,WEBLAKES_CONCENTRATION_WITH_WIND,71,"VR - Santa Cecília",18,PM10,2024-07-21T14:00:00,15.257386,µg/m³,2.717779,179.056757,,true,NO_EXPLICIT_QAQC_IN_TABLE
INEA,WEBLAKES_CONCENTRATION_WITH_WIND,71,"VR - Santa Cecília",18,PM10,2024-07-21T15:00:00,13.232098,µg/m³,3.974436,149.924994,,true,NO_EXPLICIT_QAQC_IN_TABLE
INEA,WEBLAKES_CONCENTRATION_WITH_WIND,71,"VR - Santa Cecília",18,PM10,2024-07-21T16:00:00,15.887376,µg/m³,5.596404,134.185676,,true,NO_EXPLICIT_QAQC_IN_TABLE
INEA,WEBLAKES_CONCENTRATION_WITH_WIND,71,"VR - Santa Cecília",18,PM10,2024-07-21T17:00:00,25.060353,µg/m³,3.789874,149.228110,,true,NO_EXPLICIT_QAQC_IN_TABLE
INEA,WEBLAKES_CONCENTRATION_WITH_WIND,71,"VR - Santa Cecília",18,PM10,2024-07-21T18:00:00,28.867384,µg/m³,2.629053,132.549013,,true,NO_EXPLICIT_QAQC_IN_TABLE
INEA,WEBLAKES_CONCENTRATION_WITH_WIND,71,"VR - Santa Cecília",18,PM10,2024-07-21T19:00:00,25.711044,µg/m³,1.571545,159.147762,,true,NO_EXPLICIT_QAQC_IN_TABLE
INEA,WEBLAKES_CONCENTRATION_WITH_WIND,71,"VR - Santa Cecília",18,PM10,2024-07-21T20:00:00,21.326243,µg/m³,1.221557,177.206211,,true,NO_EXPLICIT_QAQC_IN_TABLE
INEA,WEBLAKES_CONCENTRATION_WITH_WIND,71,"VR - Santa Cecília",18,PM10,2024-07-21T21:00:00,18.358550,µg/m³,1.521205,174.849671,,true,NO_EXPLICIT_QAQC_IN_TABLE
INEA,WEBLAKES_CONCENTRATION_WITH_WIND,71,"VR - Santa Cecília",18,PM10,2024-07-21T22:00:00,19.638171,µg/m³,1.645621,166.775886,,true,NO_EXPLICIT_QAQC_IN_TABLE
INEA,WEBLAKES_CONCENTRATION_WITH_WIND,71,"VR - Santa Cecília",18,PM10,2024-07-21T23:00:00,14.737740,µg/m³,1.553279,168.482243,,true,NO_EXPLICIT_QAQC_IN_TABLE
INEA,WEBLAKES_CONCENTRATION_WITH_WIND,71,"VR - Santa Cecília",18,PM10,2024-07-22T00:00:00,16.585056,µg/m³,0.949479,184.490398,,true,NO_EXPLICIT_QAQC_IN_TABLE
INEA,WEBLAKES_CONCENTRATION_WITH_WIND,71,"VR - Santa Cecília",18,PM10,2024-07-22T01:00:00,17.695772,µg/m³,0.821447,210.645146,,true,NO_EXPLICIT_QAQC_IN_TABLE
INEA,WEBLAKES_CONCENTRATION_WITH_WIND,71,"VR - Santa Cecília",18,PM10,2024-07-22T02:00:00,10.887613,µg/m³,1.474651,191.712825,,true,NO_EXPLICIT_QAQC_IN_TABLE
INEA,WEBLAKES_CONCENTRATION_WITH_WIND,71,"VR - Santa Cecília",18,PM10,2024-07-22T03:00:00,12.256116,µg/m³,1.488377,175.946481,,true,NO_EXPLICIT_QAQC_IN_TABLE
INEA,WEBLAKES_CONCENTRATION_WITH_WIND,71,"VR - Santa Cecília",18,PM10,2024-07-22T04:00:00,10.461759,µg/m³,1.106226,166.123793,,true,NO_EXPLICIT_QAQC_IN_TABLE
INEA,WEBLAKES_CONCENTRATION_WITH_WIND,71,"VR - Santa Cecília",18,PM10,2024-07-22T05:00:00,14.631021,µg/m³,1.243488,174.643936,,true,NO_EXPLICIT_QAQC_IN_TABLE
INEA,WEBLAKES_CONCENTRATION_WITH_WIND,71,"VR - Santa Cecília",18,PM10,2024-07-22T06:00:00,25.842550,µg/m³,1.900135,146.687360,,true,NO_EXPLICIT_QAQC_IN_TABLE
INEA,WEBLAKES_CONCENTRATION_WITH_WIND,71,"VR - Santa Cecília",18,PM10,2024-07-22T07:00:00,46.076974,µg/m³,1.233104,149.268893,,true,NO_EXPLICIT_QAQC_IN_TABLE
INEA,WEBLAKES_CONCENTRATION_WITH_WIND,71,"VR - Santa Cecília",18,PM10,2024-07-22T08:00:00,59.007065,µg/m³,1.919845,242.224617,,true,NO_EXPLICIT_QAQC_IN_TABLE
INEA,WEBLAKES_CONCENTRATION_WITH_WIND,71,"VR - Santa Cecília",18,PM10,2024-07-22T09:00:00,32.409570,µg/m³,2.743344,244.421457,,true,NO_EXPLICIT_QAQC_IN_TABLE
INEA,WEBLAKES_CONCENTRATION_WITH_WIND,71,"VR - Santa Cecília",18,PM10,2024-07-22T10:00:00,33.653901,µg/m³,2.207429,186.322777,,true,NO_EXPLICIT_QAQC_IN_TABLE
INEA,WEBLAKES_CONCENTRATION_WITH_WIND,71,"VR - Santa Cecília",18,PM10,2024-07-22T11:00:00,129.551130,µg/m³,2.232422,124.381229,,true,NO_EXPLICIT_QAQC_IN_TABLE
INEA,WEBLAKES_CONCENTRATION_WITH_WIND,71,"VR - Santa Cecília",18,PM10,2024-07-22T12:00:00,86.883124,µg/m³,2.420253,131.883071,,true,NO_EXPLICIT_QAQC_IN_TABLE
INEA,WEBLAKES_CONCENTRATION_WITH_WIND,71,"VR - Santa Cecília",18,PM10,2024-07-22T13:00:00,45.464230,µg/m³,2.610812,122.231616,,true,NO_EXPLICIT_QAQC_IN_TABLE
INEA,WEBLAKES_CONCENTRATION_WITH_WIND,71,"VR - Santa Cecília",18,PM10,2024-07-22T14:00:00,26.637191,µg/m³,3.064744,130.887698,,true,NO_EXPLICIT_QAQC_IN_TABLE
INEA,WEBLAKES_CONCENTRATION_WITH_WIND,71,"VR - Santa Cecília",18,PM10,2024-07-22T15:00:00,29.770470,µg/m³,3.682566,136.232194,,true,NO_EXPLICIT_QAQC_IN_TABLE
INEA,WEBLAKES_CONCENTRATION_WITH_WIND,71,"VR - Santa Cecília",18,PM10,2024-07-22T16:00:00,40.673557,µg/m³,4.636557,150.056466,,true,NO_EXPLICIT_QAQC_IN_TABLE
INEA,WEBLAKES_CONCENTRATION_WITH_WIND,71,"VR - Santa Cecília",18,PM10,2024-07-22T17:00:00,33.884466,µg/m³,4.653068,130.695323,,true,NO_EXPLICIT_QAQC_IN_TABLE
INEA,WEBLAKES_CONCENTRATION_WITH_WIND,71,"VR - Santa Cecília",18,PM10,2024-07-22T18:00:00,33.407070,µg/m³,4.537052,117.997319,,true,NO_EXPLICIT_QAQC_IN_TABLE
INEA,WEBLAKES_CONCENTRATION_WITH_WIND,71,"VR - Santa Cecília",18,PM10,2024-07-22T19:00:00,22.126588,µg/m³,2.971831,132.672060,,true,NO_EXPLICIT_QAQC_IN_TABLE
INEA,WEBLAKES_CONCENTRATION_WITH_WIND,71,"VR - Santa Cecília",18,PM10,2024-07-22T20:00:00,24.368017,µg/m³,2.102104,152.378462,,true,NO_EXPLICIT_QAQC_IN_TABLE
INEA,WEBLAKES_CONCENTRATION_WITH_WIND,71,"VR - Santa Cecília",18,PM10,2024-07-22T21:00:00,21.144553,µg/m³,1.301839,180.633890,,true,NO_EXPLICIT_QAQC_IN_TABLE
INEA,WEBLAKES_CONCENTRATION_WITH_WIND,71,"VR - Santa Cecília",18,PM10,2024-07-22T22:00:00,20.650341,µg/m³,1.420548,169.764570,,true,NO_EXPLICIT_QAQC_IN_TABLE
INEA,WEBLAKES_CONCENTRATION_WITH_WIND,71,"VR - Santa Cecília",18,PM10,2024-07-22T23:00:00,18.149656,µg/m³,2.080215,153.684223,,true,NO_EXPLICIT_QAQC_IN_TABLE
INEA,WEBLAKES_CONCENTRATION_WITH_WIND,71,"VR - Santa Cecília",18,PM10,2024-07-23T00:00:00,20.015228,µg/m³,1.708191,168.672675,,true,NO_EXPLICIT_QAQC_IN_TABLE
INEA,WEBLAKES_CONCENTRATION_WITH_WIND,71,"VR - Santa Cecília",18,PM10,2024-07-23T01:00:00,13.670814,µg/m³,2.647787,153.657616,,true,NO_EXPLICIT_QAQC_IN_TABLE
INEA,WEBLAKES_CONCENTRATION_WITH_WIND,71,"VR - Santa Cecília",18,PM10,2024-07-23T02:00:00,23.543418,µg/m³,2.164382,112.797581,,true,NO_EXPLICIT_QAQC_IN_TABLE
INEA,WEBLAKES_CONCENTRATION_WITH_WIND,71,"VR - Santa Cecília",18,PM10,2024-07-23T03:00:00,26.635964,µg/m³,2.187264,95.422242,,true,NO_EXPLICIT_QAQC_IN_TABLE
INEA,WEBLAKES_CONCENTRATION_WITH_WIND,71,"VR - Santa Cecília",18,PM10,2024-07-23T04:00:00,25.037235,µg/m³,1.764002,136.741792,,true,NO_EXPLICIT_QAQC_IN_TABLE
INEA,WEBLAKES_CONCENTRATION_WITH_WIND,71,"VR - Santa Cecília",18,PM10,2024-07-23T05:00:00,23.885222,µg/m³,1.052669,176.299877,,true,NO_EXPLICIT_QAQC_IN_TABLE
INEA,WEBLAKES_CONCENTRATION_WITH_WIND,71,"VR - Santa Cecília",18,PM10,2024-07-23T06:00:00,16.023132,µg/m³,1.634932,230.053437,,true,NO_EXPLICIT_QAQC_IN_TABLE
INEA,WEBLAKES_CONCENTRATION_WITH_WIND,71,"VR - Santa Cecília",18,PM10,2024-07-23T07:00:00,13.987802,µg/m³,2.003675,249.832979,,true,NO_EXPLICIT_QAQC_IN_TABLE
INEA,WEBLAKES_CONCENTRATION_WITH_WIND,71,"VR - Santa Cecília",18,PM10,2024-07-23T08:00:00,31.303288,µg/m³,2.170421,235.160855,,true,NO_EXPLICIT_QAQC_IN_TABLE
INEA,WEBLAKES_CONCENTRATION_WITH_WIND,71,"VR - Santa Cecília",18,PM10,2024-07-23T09:00:00,37.427607,µg/m³,2.545351,238.326397,,true,NO_EXPLICIT_QAQC_IN_TABLE
INEA,WEBLAKES_CONCENTRATION_WITH_WIND,71,"VR - Santa Cecília",18,PM10,2024-07-23T10:00:00,34.220934,µg/m³,2.599462,235.323250,,true,NO_EXPLICIT_QAQC_IN_TABLE
INEA,WEBLAKES_CONCENTRATION_WITH_WIND,71,"VR - Santa Cecília",18,PM10,2024-07-23T11:00:00,45.596493,µg/m³,2.137234,260.876558,,true,NO_EXPLICIT_QAQC_IN_TABLE
INEA,WEBLAKES_CONCENTRATION_WITH_WIND,71,"VR - Santa Cecília",18,PM10,2024-07-23T12:00:00,50.078402,µg/m³,2.050405,134.635252,,true,NO_EXPLICIT_QAQC_IN_TABLE
INEA,WEBLAKES_CONCENTRATION_WITH_WIND,71,"VR - Santa Cecília",18,PM10,2024-07-23T13:00:00,66.175237,µg/m³,2.309904,106.384617,,true,NO_EXPLICIT_QAQC_IN_TABLE
INEA,WEBLAKES_CONCENTRATION_WITH_WIND,71,"VR - Santa Cecília",18,PM10,2024-07-23T14:00:00,28.727327,µg/m³,2.788717,116.413435,,true,NO_EXPLICIT_QAQC_IN_TABLE
INEA,WEBLAKES_CONCENTRATION_WITH_WIND,71,"VR - Santa Cecília",18,PM10,2024-07-23T15:00:00,16.188778,µg/m³,4.057010,137.814278,,true,NO_EXPLICIT_QAQC_IN_TABLE
INEA,WEBLAKES_CONCENTRATION_WITH_WIND,71,"VR - Santa Cecília",18,PM10,2024-07-23T16:00:00,14.229845,µg/m³,4.239555,127.474717,,true,NO_EXPLICIT_QAQC_IN_TABLE
INEA,WEBLAKES_CONCENTRATION_WITH_WIND,71,"VR - Santa Cecília",18,PM10,2024-07-23T17:00:00,29.140432,µg/m³,3.980570,130.110837,,true,NO_EXPLICIT_QAQC_IN_TABLE
INEA,WEBLAKES_CONCENTRATION_WITH_WIND,71,"VR - Santa Cecília",18,PM10,2024-07-23T18:00:00,42.473461,µg/m³,2.464507,115.451331,,true,NO_EXPLICIT_QAQC_IN_TABLE
INEA,WEBLAKES_CONCENTRATION_WITH_WIND,71,"VR - Santa Cecília",18,PM10,2024-07-23T19:00:00,40.604827,µg/m³,1.819733,160.445937,,true,NO_EXPLICIT_QAQC_IN_TABLE
INEA,WEBLAKES_CONCENTRATION_WITH_WIND,71,"VR - Santa Cecília",18,PM10,2024-07-23T20:00:00,41.316560,µg/m³,1.555762,171.067181,,true,NO_EXPLICIT_QAQC_IN_TABLE
INEA,WEBLAKES_CONCENTRATION_WITH_WIND,71,"VR - Santa Cecília",18,PM10,2024-07-23T21:00:00,32.452262,µg/m³,2.011932,157.751054,,true,NO_EXPLICIT_QAQC_IN_TABLE
INEA,WEBLAKES_CONCENTRATION_WITH_WIND,71,"VR - Santa Cecília",18,PM10,2024-07-23T22:00:00,28.335322,µg/m³,2.137786,163.680287,,true,NO_EXPLICIT_QAQC_IN_TABLE
INEA,WEBLAKES_CONCENTRATION_WITH_WIND,71,"VR - Santa Cecília",18,PM10,2024-07-23T23:00:00,24.831913,µg/m³,1.930081,160.248861,,true,NO_EXPLICIT_QAQC_IN_TABLE
INEA,WEBLAKES_CONCENTRATION_WITH_WIND,71,"VR - Santa Cecília",18,PM10,2024-07-24T00:00:00,26.897407,µg/m³,1.449653,173.993992,,true,NO_EXPLICIT_QAQC_IN_TABLE
INEA,WEBLAKES_CONCENTRATION_WITH_WIND,71,"VR - Santa Cecília",18,PM10,2024-07-24T01:00:00,21.100275,µg/m³,1.852416,162.392228,,true,NO_EXPLICIT_QAQC_IN_TABLE
INEA,WEBLAKES_CONCENTRATION_WITH_WIND,71,"VR - Santa Cecília",18,PM10,2024-07-24T02:00:00,25.494998,µg/m³,2.123734,155.352576,,true,NO_EXPLICIT_QAQC_IN_TABLE
INEA,WEBLAKES_CONCENTRATION_WITH_WIND,71,"VR - Santa Cecília",18,PM10,2024-07-24T03:00:00,22.454420,µg/m³,2.118471,158.930111,,true,NO_EXPLICIT_QAQC_IN_TABLE
INEA,WEBLAKES_CONCENTRATION_WITH_WIND,71,"VR - Santa Cecília",18,PM10,2024-07-24T04:00:00,23.398884,µg/m³,2.178341,157.166608,,true,NO_EXPLICIT_QAQC_IN_TABLE
INEA,WEBLAKES_CONCENTRATION_WITH_WIND,71,"VR - Santa Cecília",18,PM10,2024-07-24T05:00:00,36.896669,µg/m³,1.619014,162.126251,,true,NO_EXPLICIT_QAQC_IN_TABLE
INEA,WEBLAKES_CONCENTRATION_WITH_WIND,71,"VR - Santa Cecília",18,PM10,2024-07-24T06:00:00,47.787506,µg/m³,1.610216,157.253424,,true,NO_EXPLICIT_QAQC_IN_TABLE
INEA,WEBLAKES_CONCENTRATION_WITH_WIND,71,"VR - Santa Cecília",18,PM10,2024-07-24T07:00:00,48.579542,µg/m³,1.418611,145.781575,,true,NO_EXPLICIT_QAQC_IN_TABLE
INEA,WEBLAKES_CONCENTRATION_WITH_WIND,71,"VR - Santa Cecília",18,PM10,2024-07-24T08:00:00,40.658681,µg/m³,2.146792,138.759167,,true,NO_EXPLICIT_QAQC_IN_TABLE
INEA,WEBLAKES_CONCENTRATION_WITH_WIND,71,"VR - Santa Cecília",18,PM10,2024-07-24T09:00:00,45.816880,µg/m³,1.989460,126.838109,,true,NO_EXPLICIT_QAQC_IN_TABLE
INEA,WEBLAKES_CONCENTRATION_WITH_WIND,71,"VR - Santa Cecília",18,PM10,2024-07-24T10:00:00,71.658346,µg/m³,1.905273,238.521807,,true,NO_EXPLICIT_QAQC_IN_TABLE
INEA,WEBLAKES_CONCENTRATION_WITH_WIND,71,"VR - Santa Cecília",18,PM10,2024-07-24T11:00:00,91.162096,µg/m³,2.457260,147.677064,,true,NO_EXPLICIT_QAQC_IN_TABLE
INEA,WEBLAKES_CONCENTRATION_WITH_WIND,71,"VR - Santa Cecília",18,PM10,2024-07-24T12:00:00,21.617374,µg/m³,3.312866,127.307873,,true,NO_EXPLICIT_QAQC_IN_TABLE
INEA,WEBLAKES_CONCENTRATION_WITH_WIND,71,"VR - Santa Cecília",18,PM10,2024-07-24T13:00:00,5.672250,µg/m³,3.297912,110.786989,,true,NO_EXPLICIT_QAQC_IN_TABLE
INEA,WEBLAKES_CONCENTRATION_WITH_WIND,71,"VR - Santa Cecília",18,PM10,2024-07-24T14:00:00,13.646331,µg/m³,3.367707,131.547050,,true,NO_EXPLICIT_QAQC_IN_TABLE
INEA,WEBLAKES_CONCENTRATION_WITH_WIND,71,"VR - Santa Cecília",18,PM10,2024-07-24T15:00:00,18.362142,µg/m³,3.730169,123.191359,,true,NO_EXPLICIT_QAQC_IN_TABLE
INEA,WEBLAKES_CONCENTRATION_WITH_WIND,71,"VR - Santa Cecília",18,PM10,2024-07-24T16:00:00,16.312613,µg/m³,3.762179,144.032644,,true,NO_EXPLICIT_QAQC_IN_TABLE
INEA,WEBLAKES_CONCENTRATION_WITH_WIND,71,"VR - Santa Cecília",18,PM10,2024-07-24T17:00:00,10.821017,µg/m³,3.811296,154.027801,,true,NO_EXPLICIT_QAQC_IN_TABLE
INEA,WEBLAKES_CONCENTRATION_WITH_WIND,71,"VR - Santa Cecília",18,PM10,2024-07-24T18:00:00,37.374362,µg/m³,2.306417,128.023469,,true,NO_EXPLICIT_QAQC_IN_TABLE
INEA,WEBLAKES_CONCENTRATION_WITH_WIND,71,"VR - Santa Cecília",18,PM10,2024-07-24T19:00:00,43.823741,µg/m³,2.091689,141.131385,,true,NO_EXPLICIT_QAQC_IN_TABLE
INEA,WEBLAKES_CONCENTRATION_WITH_WIND,71,"VR - Santa Cecília",18,PM10,2024-07-24T20:00:00,44.382267,µg/m³,1.449239,174.827182,,true,NO_EXPLICIT_QAQC_IN_TABLE
INEA,WEBLAKES_CONCENTRATION_WITH_WIND,71,"VR - Santa Cecília",18,PM10,2024-07-24T21:00:00,35.652629,µg/m³,1.314316,166.706851,,true,NO_EXPLICIT_QAQC_IN_TABLE
INEA,WEBLAKES_CONCENTRATION_WITH_WIND,71,"VR - Santa Cecília",18,PM10,2024-07-24T22:00:00,31.036484,µg/m³,1.725536,162.655908,,true,NO_EXPLICIT_QAQC_IN_TABLE
INEA,WEBLAKES_CONCENTRATION_WITH_WIND,71,"VR - Santa Cecília",18,PM10,2024-07-24T23:00:00,30.677288,µg/m³,1.602285,159.749570,,true,NO_EXPLICIT_QAQC_IN_TABLE
